"Name","Team","BABIP","GB/FB","LD%","GB%","FB%","IFFB%","HR/FB","IFH","IFH%","BUH","BUH%","Pull%","Cent%","Oppo%","Soft%","Med%","Hard%","playerid"
"Aaron Judge","Yankees",".390","0.91","23.1 %","36.8 %","40.2 %","4.3 %","36.2 %","4","4.7 %","0","0.0 %","39.3 %","32.1 %","28.6 %","11.5 %","43.6 %","44.9 %","15640"
"J.D. Martinez","- - -",".318","1.07","19.0 %","41.9 %","39.1 %","4.3 %","31.4 %","4","5.3 %","0","0.0 %","39.1 %","33.0 %","27.9 %","13.4 %","39.7 %","46.9 %","6184"
"Giancarlo Stanton","Marlins",".291","1.04","17.6 %","42.1 %","40.3 %","17.9 %","30.8 %","9","7.4 %","0","0.0 %","44.8 %","35.2 %","20.0 %","18.6 %","43.1 %","38.3 %","4949"
"George Springer","Astros",".337","1.43","20.7 %","46.7 %","32.6 %","5.4 %","29.0 %","16","12.0 %","0","0.0 %","42.8 %","33.3 %","23.9 %","17.5 %","43.5 %","39.0 %","12856"
"Joey Gallo","Rangers",".243","0.44","14.8 %","26.0 %","59.2 %","12.0 %","29.0 %","1","2.3 %","0","0.0 %","49.1 %","29.0 %","21.9 %","16.6 %","39.1 %","44.4 %","14128"
"Erik Gonzalez","Indians",".380","5.00","19.2 %","67.3 %","13.5 %","14.3 %","28.6 %","6","17.1 %","0","0.0 %","35.9 %","35.9 %","28.3 %","17.0 %","56.6 %","26.4 %","13369"
"Steven Souza Jr.","Rays",".339","1.30","24.7 %","42.5 %","32.8 %","7.4 %","28.4 %","12","11.4 %","1","33.3 %","47.2 %","32.4 %","20.4 %","16.4 %","48.0 %","35.6 %","5667"
"Mike Trout","Angels",".373","0.95","20.9 %","38.5 %","40.7 %","9.5 %","28.4 %","8","11.4 %","0","0.0 %","38.5 %","36.8 %","24.7 %","19.2 %","40.1 %","40.7 %","10155"
"Colby Rasmus","Rays",".368","0.72","26.7 %","30.7 %","42.7 %","6.3 %","28.1 %","1","4.3 %","1","50.0 %","54.6 %","31.2 %","14.3 %","15.6 %","37.7 %","46.8 %","9893"
"Tommy Pham","Cardinals",".394","2.12","24.3 %","51.5 %","24.3 %","8.0 %","28.0 %","10","9.4 %","1","100.0 %","37.2 %","35.3 %","27.5 %","14.5 %","49.8 %","35.8 %","2967"
"Cody Bellinger","Dodgers",".279","0.65","19.2 %","31.9 %","48.9 %","7.1 %","27.7 %","5","6.8 %","4","66.7 %","43.8 %","34.0 %","22.1 %","12.8 %","42.1 %","45.1 %","15998"
"Mark Reynolds","Rockies",".365","1.33","22.5 %","44.3 %","33.2 %","10.7 %","27.4 %","3","2.7 %","0","0.0 %","43.9 %","33.6 %","22.5 %","20.6 %","45.1 %","34.4 %","7619"
"Domingo Santana","Brewers",".362","1.88","24.9 %","49.0 %","26.1 %","3.0 %","27.3 %","4","3.2 %","0","0.0 %","36.0 %","37.6 %","26.5 %","12.3 %","51.0 %","36.8 %","10348"
"Eric Thames","Brewers",".303","0.98","17.1 %","41.0 %","41.9 %","3.2 %","26.9 %","2","2.2 %","0","0.0 %","44.8 %","28.7 %","26.5 %","16.6 %","41.3 %","42.2 %","3711"
"Willson Contreras","Cubs",".323","1.74","15.8 %","53.4 %","30.8 %","11.1 %","26.4 %","15","12.0 %","3","50.0 %","45.0 %","33.8 %","21.3 %","17.5 %","48.8 %","33.8 %","11609"
"Miguel Sano","Twins",".375","0.88","20.4 %","37.3 %","42.2 %","5.3 %","26.3 %","3","3.6 %","0","0.0 %","41.8 %","38.2 %","20.0 %","12.0 %","43.1 %","44.9 %","12164"
"Nick Williams","Phillies",".364","2.16","26.8 %","50.0 %","23.2 %","0.0 %","26.3 %","5","12.2 %","0","0.0 %","26.8 %","45.1 %","28.1 %","13.4 %","43.9 %","42.7 %","14330"
"Khris Davis","Athletics",".289","0.98","18.5 %","40.4 %","41.2 %","6.5 %","26.2 %","8","7.6 %","0","0.0 %","36.9 %","40.4 %","22.7 %","13.9 %","43.1 %","43.1 %","9112"
"Freddie Freeman","Braves",".337","0.86","24.3 %","34.9 %","40.7 %","0.0 %","26.0 %","4","6.1 %","0","0.0 %","37.0 %","32.3 %","30.7 %","12.7 %","51.9 %","35.5 %","5361"
"Hector Sanchez","Padres",".260","0.56","26.3 %","26.3 %","47.4 %","11.1 %","25.9 %","0","0.0 %","0","0.0 %","54.4 %","28.1 %","17.5 %","8.8 %","56.1 %","35.1 %","10289"
"Justin Bour","Marlins",".320","1.17","21.6 %","42.3 %","36.1 %","13.4 %","25.6 %","5","5.2 %","0","0.0 %","46.3 %","33.9 %","19.8 %","20.7 %","37.0 %","42.3 %","9744"
"Michael Conforto","Mets",".353","0.92","26.0 %","35.4 %","38.6 %","10.5 %","25.6 %","9","11.4 %","0","0.0 %","32.3 %","39.9 %","27.8 %","19.3 %","39.5 %","41.3 %","16376"
"Ryan Zimmerman","Nationals",".332","1.45","20.4 %","47.1 %","32.5 %","9.6 %","25.5 %","9","6.6 %","0","0.0 %","36.0 %","34.3 %","29.8 %","14.2 %","44.6 %","41.2 %","4220"
"Bryce Harper","Nationals",".363","1.05","22.4 %","39.8 %","37.8 %","7.2 %","25.2 %","12","10.3 %","1","100.0 %","36.3 %","34.6 %","29.2 %","12.9 %","51.9 %","35.3 %","11579"
"Justin Smoak","Blue Jays",".311","0.80","24.4 %","33.6 %","42.0 %","7.3 %","25.0 %","2","2.0 %","0","0.0 %","40.0 %","36.3 %","23.7 %","13.9 %","45.4 %","40.7 %","9054"
"Jake Marisnick","Astros",".309","0.77","14.0 %","37.4 %","48.6 %","7.7 %","25.0 %","4","10.0 %","3","60.0 %","40.2 %","31.3 %","28.6 %","17.9 %","53.6 %","28.6 %","11339"
"Travis Shaw","Brewers",".332","1.28","20.2 %","44.8 %","35.0 %","6.2 %","24.7 %","3","2.4 %","0","0.0 %","41.5 %","32.5 %","26.0 %","15.5 %","46.9 %","37.6 %","11982"
"Tim Beckham","- - -",".385","1.74","24.4 %","48.0 %","27.6 %","1.6 %","24.6 %","12","11.3 %","1","33.3 %","48.7 %","34.4 %","17.0 %","15.2 %","41.5 %","43.3 %","7949"
"Marcell Ozuna","Marlins",".355","1.43","21.3 %","46.3 %","32.4 %","11.8 %","24.5 %","11","7.5 %","0","0.0 %","39.7 %","35.2 %","25.1 %","19.7 %","37.1 %","43.2 %","10324"
"Matt Davidson","White Sox",".316","0.67","16.7 %","33.3 %","50.0 %","7.8 %","24.4 %","1","1.7 %","0","0.0 %","41.7 %","32.2 %","26.1 %","12.8 %","48.3 %","38.9 %","7226"
"Marwin Gonzalez","Astros",".346","1.27","17.3 %","46.2 %","36.4 %","9.8 %","24.4 %","4","3.8 %","3","60.0 %","40.4 %","35.7 %","23.9 %","19.1 %","49.1 %","31.7 %","5497"
"Chris Davis","Orioles",".304","0.74","25.6 %","31.7 %","42.7 %","4.3 %","24.3 %","0","0.0 %","0","0.0 %","49.7 %","32.1 %","18.2 %","13.3 %","47.3 %","39.4 %","9272"
"Carlos Correa","Astros",".353","1.54","18.2 %","49.6 %","32.2 %","4.8 %","24.1 %","14","10.9 %","0","0.0 %","30.2 %","41.1 %","28.7 %","15.1 %","45.4 %","39.5 %","14162"
"Gary Sanchez","Yankees",".305","1.30","23.8 %","43.0 %","33.2 %","14.1 %","23.9 %","7","7.6 %","0","0.0 %","54.2 %","32.2 %","13.6 %","18.2 %","44.9 %","36.9 %","11442"
"Paul DeJong","Cardinals",".341","0.79","21.5 %","34.7 %","43.8 %","15.9 %","23.8 %","3","6.0 %","0","0.0 %","46.5 %","34.0 %","19.4 %","20.1 %","43.1 %","36.8 %","18015"
"Keon Broxton","Brewers",".327","1.31","23.2 %","43.5 %","33.3 %","5.1 %","23.7 %","7","9.1 %","1","50.0 %","34.6 %","35.8 %","29.6 %","17.9 %","47.5 %","34.6 %","9253"
"Jake Lamb","Diamondbacks",".314","1.20","19.4 %","44.0 %","36.6 %","4.1 %","23.5 %","5","4.2 %","0","0.0 %","44.0 %","31.7 %","24.3 %","11.9 %","53.7 %","34.3 %","13329"
"Ian Happ","Cubs",".303","1.10","19.2 %","42.3 %","38.5 %","3.3 %","23.3 %","4","6.1 %","0","0.0 %","46.2 %","31.7 %","22.2 %","17.1 %","53.2 %","29.8 %","17919"
"Scooter Gennett","Reds",".335","1.19","20.1 %","43.5 %","36.4 %","10.3 %","23.1 %","4","4.3 %","1","100.0 %","45.1 %","30.7 %","24.2 %","14.9 %","47.9 %","37.2 %","10339"
"Scott Schebler","Reds",".232","1.16","17.6 %","44.3 %","38.2 %","10.0 %","23.0 %","5","4.3 %","1","50.0 %","43.6 %","34.9 %","21.6 %","20.5 %","40.9 %","38.6 %","12225"
"Trey Mancini","Orioles",".355","1.77","17.3 %","52.8 %","29.8 %","9.5 %","23.0 %","14","10.7 %","0","0.0 %","43.2 %","31.9 %","25.0 %","18.2 %","48.4 %","33.5 %","15149"
"Logan Morrison","Rays",".266","0.70","20.3 %","33.0 %","46.7 %","8.2 %","23.0 %","3","3.5 %","0","0.0 %","47.9 %","34.5 %","17.6 %","16.5 %","45.2 %","38.3 %","9205"
"Paul Goldschmidt","Diamondbacks",".380","1.21","17.2 %","45.4 %","37.5 %","9.2 %","22.9 %","12","9.1 %","0","0.0 %","35.1 %","38.8 %","26.1 %","10.3 %","42.6 %","47.1 %","9218"
"Alex Avila","- - -",".371","1.02","25.7 %","37.5 %","36.8 %","1.9 %","22.6 %","3","5.6 %","0","0.0 %","32.6 %","37.5 %","29.9 %","4.9 %","44.4 %","50.7 %","7476"
"Jose Martinez","Cardinals",".320","1.61","26.4 %","45.5 %","28.2 %","6.5 %","22.6 %","4","8.0 %","0","0.0 %","39.6 %","33.3 %","27.0 %","21.6 %","43.2 %","35.1 %","7996"
"Ryan Schimpf","Padres",".145","0.31","16.5 %","19.6 %","63.9 %","19.4 %","22.6 %","1","5.3 %","0","0.0 %","47.4 %","24.7 %","27.8 %","26.8 %","46.4 %","26.8 %","9953"
"Mike Zunino","Mariners",".305","0.59","23.1 %","28.6 %","48.3 %","12.7 %","22.5 %","0","0.0 %","0","0.0 %","51.7 %","33.3 %","15.0 %","17.7 %","44.2 %","38.1 %","13265"
"Jesus Aguilar","Brewers",".369","1.18","24.1 %","41.1 %","34.8 %","6.1 %","22.4 %","3","5.2 %","0","0.0 %","40.4 %","41.8 %","17.7 %","16.3 %","41.1 %","42.6 %","11342"
"Yasiel Puig","Dodgers",".266","1.52","15.8 %","50.7 %","33.5 %","14.7 %","22.1 %","9","6.3 %","0","0.0 %","49.7 %","29.2 %","21.1 %","17.6 %","50.0 %","32.4 %","14225"
"Russell Martin","Blue Jays",".263","1.69","22.5 %","48.7 %","28.8 %","12.7 %","21.8 %","2","2.2 %","0","0.0 %","41.4 %","36.1 %","22.5 %","15.7 %","55.0 %","29.3 %","4616"
"Andrew Toles","Dodgers",".280","1.83","17.7 %","53.2 %","29.1 %","8.7 %","21.7 %","4","9.5 %","0","0.0 %","30.0 %","40.0 %","30.0 %","17.5 %","57.5 %","25.0 %","13414"
"Kendrys Morales","Blue Jays",".279","1.56","18.4 %","49.7 %","31.9 %","4.1 %","21.6 %","4","2.6 %","0","0.0 %","43.8 %","31.3 %","25.0 %","15.1 %","46.7 %","38.2 %","8610"
"Lucas Duda","- - -",".279","0.62","24.1 %","29.1 %","46.7 %","3.2 %","21.5 %","1","1.7 %","0","0.0 %","45.2 %","30.2 %","24.6 %","14.1 %","42.7 %","43.2 %","2502"
"Ryan Braun","Brewers",".279","1.27","20.1 %","44.7 %","35.2 %","8.9 %","21.4 %","5","7.0 %","0","0.0 %","39.0 %","35.2 %","25.8 %","18.2 %","39.0 %","42.8 %","3410"
"Pat Valaika","Rockies",".282","0.68","15.1 %","34.4 %","50.5 %","10.6 %","21.3 %","1","3.1 %","1","16.7 %","38.4 %","31.3 %","30.3 %","21.2 %","45.5 %","33.3 %","14885"
"Robinson Chirinos","Rangers",".220","0.61","9.8 %","34.3 %","55.9 %","12.3 %","21.1 %","1","2.9 %","0","0.0 %","53.4 %","25.2 %","21.4 %","16.5 %","46.6 %","36.9 %","3142"
"Joey Votto","Reds",".297","0.98","21.0 %","39.2 %","39.8 %","0.8 %","21.1 %","5","3.8 %","0","0.0 %","35.9 %","32.6 %","31.4 %","12.6 %","51.2 %","36.2 %","4314"
"Michael Taylor","Nationals",".367","1.23","19.6 %","44.3 %","36.1 %","10.5 %","21.1 %","6","8.6 %","3","60.0 %","42.9 %","30.7 %","26.4 %","16.6 %","48.5 %","35.0 %","11489"
"Yasmany Tomas","Diamondbacks",".294","1.45","20.5 %","47.0 %","32.5 %","2.6 %","21.1 %","3","5.5 %","0","0.0 %","37.6 %","35.9 %","26.5 %","15.4 %","42.7 %","41.9 %","17171"
"Yonder Alonso","Athletics",".301","0.71","22.1 %","32.5 %","45.5 %","9.5 %","21.0 %","0","0.0 %","0","0.0 %","38.1 %","33.3 %","28.6 %","14.3 %","52.4 %","33.3 %","2530"
"Shin-Soo Choo","Rangers",".293","2.06","26.0 %","49.8 %","24.2 %","1.5 %","20.6 %","5","3.6 %","2","50.0 %","44.6 %","33.3 %","22.1 %","13.0 %","50.2 %","36.8 %","3174"
"Eric Hosmer","Royals",".348","2.41","22.9 %","54.5 %","22.6 %","9.0 %","20.5 %","14","7.4 %","1","100.0 %","30.9 %","37.0 %","32.1 %","20.8 %","49.1 %","30.1 %","3516"
"Josh Bell","Pirates",".274","1.66","17.7 %","51.3 %","31.0 %","8.6 %","20.4 %","8","5.2 %","0","0.0 %","43.0 %","28.7 %","28.3 %","17.0 %","49.0 %","34.0 %","13145"
"Josh Donaldson","Blue Jays",".293","1.11","20.6 %","41.8 %","37.6 %","10.9 %","20.3 %","1","1.4 %","0","0.0 %","41.8 %","36.5 %","21.8 %","15.9 %","48.2 %","35.9 %","5038"
"Brandon Moss","Royals",".264","0.74","22.1 %","33.1 %","44.8 %","4.3 %","20.3 %","1","2.0 %","0","0.0 %","49.4 %","28.6 %","22.1 %","14.3 %","51.3 %","34.4 %","4467"
"Kyle Schwarber","Cubs",".228","0.88","15.1 %","39.8 %","45.2 %","15.5 %","20.2 %","2","2.7 %","2","100.0 %","45.2 %","29.8 %","25.0 %","21.3 %","43.6 %","35.1 %","16478"
"Mike Napoli","Rangers",".239","0.62","13.6 %","33.0 %","53.4 %","16.4 %","20.0 %","2","2.9 %","0","0.0 %","51.0 %","32.5 %","16.5 %","21.8 %","39.8 %","38.4 %","3057"
"Jay Bruce","Mets",".276","0.66","19.7 %","32.0 %","48.3 %","4.1 %","20.0 %","3","3.1 %","1","100.0 %","43.9 %","34.2 %","21.9 %","11.6 %","45.9 %","42.5 %","9892"
"Cameron Rupp","Phillies",".301","1.22","16.5 %","45.9 %","37.6 %","4.0 %","20.0 %","6","9.8 %","0","0.0 %","34.6 %","38.4 %","27.1 %","21.1 %","48.9 %","30.1 %","11146"
"Joc Pederson","Dodgers",".258","1.49","19.4 %","48.2 %","32.4 %","10.9 %","20.0 %","3","3.7 %","0","0.0 %","49.4 %","30.0 %","20.6 %","18.8 %","48.2 %","32.9 %","11899"
"Bradley Zimmer","Indians",".357","1.78","21.8 %","50.0 %","28.2 %","7.5 %","20.0 %","8","11.3 %","3","33.3 %","39.7 %","33.8 %","26.5 %","17.9 %","48.3 %","33.8 %","16221"
"Jonathan Schoop","Orioles",".340","1.07","21.1 %","40.9 %","38.1 %","16.5 %","19.8 %","11","8.5 %","0","0.0 %","45.0 %","36.2 %","18.9 %","24.2 %","41.2 %","34.6 %","11265"
"Carlos Gomez","Rangers",".331","0.92","20.7 %","38.0 %","41.3 %","7.9 %","19.7 %","8","11.4 %","1","20.0 %","34.9 %","39.7 %","25.4 %","18.5 %","40.7 %","40.7 %","4881"
"Jorge Bonifacio","Royals",".318","1.27","25.1 %","41.9 %","33.0 %","14.1 %","19.7 %","4","4.4 %","0","0.0 %","34.4 %","35.8 %","29.8 %","20.0 %","47.0 %","33.0 %","12174"
"Avisail Garcia","White Sox",".361","2.12","21.4 %","53.4 %","25.2 %","6.1 %","19.7 %","17","12.1 %","0","0.0 %","48.5 %","31.7 %","19.9 %","14.9 %","50.4 %","34.7 %","5760"
"Edwin Encarnacion","Indians",".286","0.96","22.1 %","38.1 %","39.9 %","8.0 %","19.6 %","1","0.9 %","0","0.0 %","44.8 %","34.5 %","20.6 %","15.7 %","47.0 %","37.4 %","2151"
"Chris Iannetta","Diamondbacks",".304","0.95","20.0 %","39.0 %","41.0 %","9.8 %","19.5 %","5","12.8 %","0","0.0 %","42.0 %","30.0 %","28.0 %","20.0 %","48.0 %","32.0 %","8267"
"Ezequiel Carrera","Blue Jays",".368","1.83","24.7 %","48.7 %","26.6 %","7.3 %","19.5 %","3","4.0 %","3","23.1 %","41.3 %","36.5 %","22.2 %","24.6 %","49.1 %","26.4 %","9048"
"Aaron Altherr","Phillies",".352","1.10","20.0 %","41.9 %","38.1 %","12.2 %","19.5 %","10","11.1 %","0","0.0 %","36.3 %","34.0 %","29.8 %","20.5 %","40.9 %","38.6 %","11270"
"Matt Kemp","Braves",".341","1.85","23.8 %","49.4 %","26.8 %","2.8 %","19.4 %","7","5.3 %","0","0.0 %","36.8 %","39.0 %","24.2 %","16.0 %","48.7 %","35.3 %","5631"
"Leury Garcia","White Sox",".327","2.47","22.4 %","55.3 %","22.4 %","2.8 %","19.4 %","5","5.6 %","1","12.5 %","39.1 %","37.3 %","23.7 %","23.1 %","49.1 %","27.8 %","5913"
"Mike Moustakas","Royals",".255","0.72","17.3 %","34.7 %","48.0 %","16.8 %","19.4 %","5","4.5 %","1","100.0 %","46.0 %","29.9 %","24.1 %","23.8 %","43.2 %","33.0 %","4892"
"Chad Pinder","Athletics",".306","0.81","20.6 %","35.5 %","43.9 %","4.3 %","19.1 %","3","7.9 %","0","0.0 %","30.8 %","39.3 %","29.9 %","13.1 %","50.5 %","36.5 %","15191"
"Wil Myers","Padres",".305","0.92","19.5 %","38.5 %","42.0 %","17.3 %","19.1 %","6","5.9 %","2","100.0 %","42.8 %","39.0 %","18.2 %","18.6 %","40.2 %","41.3 %","10047"
"Javier Baez","Cubs",".330","1.24","16.1 %","46.4 %","37.4 %","8.9 %","19.0 %","6","6.1 %","2","40.0 %","40.7 %","38.4 %","20.8 %","19.0 %","47.2 %","33.8 %","12979"
"Chris Taylor","Dodgers",".411","1.11","26.4 %","38.8 %","34.8 %","5.1 %","19.0 %","11","12.5 %","1","50.0 %","37.6 %","35.8 %","26.6 %","13.5 %","53.3 %","33.2 %","13757"
"Corey Seager","Dodgers",".367","1.14","23.7 %","40.6 %","35.7 %","2.0 %","18.8 %","5","4.3 %","0","0.0 %","34.3 %","36.0 %","29.7 %","10.6 %","40.6 %","48.8 %","13624"
"Ryan Rua","Rangers",".309","1.63","27.6 %","44.8 %","27.6 %","18.8 %","18.8 %","0","0.0 %","0","0.0 %","56.9 %","25.9 %","17.2 %","31.0 %","34.5 %","34.5 %","12409"
"Patrick Kivlehan","Reds",".224","1.13","17.1 %","43.9 %","39.0 %","6.3 %","18.8 %","3","8.3 %","0","0.0 %","39.0 %","39.0 %","22.0 %","26.8 %","42.7 %","30.5 %","13910"
"Franchy Cordero","Padres",".400","1.44","18.8 %","47.9 %","33.3 %","6.3 %","18.8 %","2","8.7 %","0","0.0 %","40.8 %","36.7 %","22.5 %","12.2 %","49.0 %","38.8 %","14567"
"Kennys Vargas","Twins",".304","1.28","20.3 %","44.7 %","35.0 %","16.3 %","18.6 %","4","7.3 %","0","0.0 %","39.0 %","36.6 %","24.4 %","26.0 %","46.3 %","27.6 %","12101"
"Justin Upton","Tigers",".351","0.89","18.6 %","38.4 %","43.0 %","6.2 %","18.6 %","6","5.9 %","0","0.0 %","38.4 %","36.5 %","25.1 %","17.9 %","38.4 %","43.7 %","5222"
"Charlie Blackmon","Rockies",".369","1.06","21.9 %","40.2 %","37.9 %","5.9 %","18.5 %","11","7.7 %","1","33.3 %","43.5 %","31.2 %","25.4 %","17.0 %","45.7 %","37.3 %","7859"
"James McCann","Tigers",".285","1.02","29.2 %","35.7 %","35.1 %","7.4 %","18.5 %","3","5.5 %","0","0.0 %","42.6 %","27.7 %","29.7 %","14.2 %","45.2 %","40.7 %","12859"
"Anthony Rizzo","Cubs",".247","0.93","17.8 %","39.6 %","42.6 %","8.5 %","18.4 %","3","2.3 %","2","66.7 %","45.5 %","32.6 %","21.9 %","18.0 %","49.1 %","32.9 %","3473"
"Matt Holliday","Yankees",".271","1.23","13.0 %","48.0 %","39.0 %","11.5 %","18.4 %","9","8.4 %","0","0.0 %","39.5 %","28.3 %","32.3 %","19.7 %","48.0 %","32.3 %","1873"
"Welington Castillo","Orioles",".347","1.22","25.3 %","41.0 %","33.7 %","8.3 %","18.3 %","7","9.6 %","0","0.0 %","41.0 %","35.4 %","23.6 %","12.9 %","50.6 %","36.5 %","3256"
"Pablo Sandoval","- - -",".240","1.77","22.8 %","49.4 %","27.8 %","22.7 %","18.2 %","1","2.6 %","0","0.0 %","34.2 %","36.7 %","29.1 %","19.0 %","40.5 %","40.5 %","5409"
"Matt Adams","- - -",".316","0.88","18.7 %","37.9 %","43.3 %","6.8 %","18.2 %","3","3.9 %","0","0.0 %","43.8 %","35.5 %","20.7 %","14.8 %","44.8 %","40.4 %","9393"
"Rougned Odor","Rangers",".231","1.05","17.1 %","42.5 %","40.4 %","19.7 %","18.2 %","7","5.0 %","3","75.0 %","51.1 %","29.3 %","19.6 %","20.9 %","41.4 %","37.8 %","12282"
"Andrew McCutchen","Pirates",".311","1.02","21.6 %","39.7 %","38.7 %","6.6 %","18.0 %","9","7.2 %","0","0.0 %","43.8 %","35.6 %","20.6 %","16.8 %","47.0 %","36.2 %","9847"
"Nelson Cruz","Mariners",".304","0.99","16.1 %","41.8 %","42.1 %","8.1 %","17.9 %","8","6.6 %","0","0.0 %","42.1 %","36.0 %","21.9 %","15.1 %","46.6 %","38.4 %","2434"
"Steve Pearce","Blue Jays",".286","1.11","20.6 %","41.8 %","37.6 %","9.7 %","17.7 %","7","10.1 %","0","0.0 %","47.3 %","32.7 %","20.0 %","20.0 %","46.1 %","33.9 %","9957"
"Corey Dickerson","Rays",".354","1.13","21.4 %","41.8 %","36.8 %","5.9 %","17.6 %","14","10.4 %","0","0.0 %","33.5 %","35.4 %","31.1 %","20.5 %","45.7 %","33.9 %","10762"
"Austin Barnes","Dodgers",".327","1.21","27.9 %","39.4 %","32.7 %","0.0 %","17.6 %","2","4.9 %","0","0.0 %","30.8 %","42.3 %","26.9 %","20.2 %","47.1 %","32.7 %","12158"
"Hunter Renfroe","Padres",".276","0.89","17.0 %","39.0 %","44.0 %","14.9 %","17.5 %","10","9.9 %","0","0.0 %","51.7 %","27.8 %","20.5 %","23.6 %","41.7 %","34.8 %","15464"
"Eugenio Suarez","Reds",".310","1.22","20.7 %","43.5 %","35.8 %","9.3 %","17.5 %","9","7.6 %","0","0.0 %","43.2 %","29.5 %","27.3 %","19.9 %","47.2 %","32.8 %","12552"
"Robinson Cano","Mariners",".271","1.68","16.8 %","52.1 %","31.1 %","2.8 %","17.4 %","1","0.5 %","0","0.0 %","39.6 %","35.6 %","24.8 %","13.7 %","49.9 %","36.5 %","3269"
"Kurt Suzuki","Braves",".238","0.74","14.9 %","36.2 %","48.9 %","13.0 %","17.4 %","2","3.9 %","1","50.0 %","44.8 %","41.3 %","14.0 %","18.9 %","45.5 %","35.7 %","8259"
"Chris Herrmann","Diamondbacks",".168","1.15","17.5 %","44.2 %","38.3 %","0.0 %","17.4 %","1","1.9 %","0","0.0 %","33.1 %","42.2 %","24.8 %","15.7 %","44.6 %","39.7 %","9284"
"Jonathan Villar","Brewers",".301","2.59","21.1 %","56.9 %","22.0 %","10.9 %","17.4 %","9","7.6 %","1","16.7 %","41.9 %","36.3 %","21.9 %","25.1 %","40.9 %","34.0 %","10071"
"Austin Hedges","Padres",".258","0.79","17.1 %","36.6 %","46.3 %","16.0 %","17.3 %","4","6.3 %","1","33.3 %","39.3 %","36.0 %","24.7 %","24.2 %","43.3 %","32.6 %","12976"
"Seth Smith","Orioles",".316","1.22","24.5 %","41.5 %","34.0 %","4.7 %","17.2 %","4","5.1 %","0","0.0 %","41.5 %","37.2 %","21.3 %","13.8 %","49.5 %","36.7 %","7331"
"Lonnie Chisenhall","Indians",".324","0.81","15.9 %","37.7 %","46.4 %","10.0 %","17.1 %","3","5.3 %","0","0.0 %","35.7 %","38.3 %","26.0 %","24.7 %","40.9 %","34.4 %","7571"
"Christian Yelich","Marlins",".327","2.37","20.0 %","56.3 %","23.8 %","3.9 %","17.1 %","5","2.8 %","1","50.0 %","34.5 %","37.3 %","28.3 %","15.5 %","48.1 %","36.3 %","11477"
"Rene Rivera","Mets",".308","1.02","24.5 %","38.2 %","37.3 %","7.3 %","17.1 %","4","9.5 %","0","0.0 %","49.6 %","27.9 %","22.5 %","16.2 %","49.6 %","34.2 %","3648"
"Adam Duvall","Reds",".309","0.68","20.4 %","32.1 %","47.5 %","12.7 %","16.9 %","9","9.4 %","0","0.0 %","43.5 %","32.4 %","24.1 %","16.7 %","49.5 %","33.8 %","10950"
"Brett Gardner","Yankees",".289","1.17","20.7 %","42.7 %","36.6 %","5.3 %","16.8 %","10","7.6 %","3","50.0 %","40.3 %","35.2 %","24.4 %","17.8 %","50.2 %","32.1 %","9927"
"Eric Young","Angels",".328","2.28","13.2 %","60.3 %","26.5 %","11.1 %","16.7 %","3","7.3 %","2","40.0 %","45.2 %","31.5 %","23.3 %","24.7 %","52.1 %","23.3 %","7158"
"Hanley Ramirez","Red Sox",".274","1.15","19.9 %","42.8 %","37.3 %","9.7 %","16.5 %","4","3.4 %","0","0.0 %","43.1 %","34.8 %","22.1 %","19.9 %","44.9 %","35.1 %","8001"
"Randal Grichuk","Cardinals",".292","0.78","22.1 %","34.3 %","43.6 %","8.9 %","16.5 %","8","12.9 %","0","0.0 %","51.4 %","25.4 %","23.2 %","18.8 %","39.2 %","42.0 %","10243"
"Aaron Hicks","Yankees",".318","1.15","17.1 %","44.3 %","38.6 %","14.8 %","16.4 %","6","8.6 %","2","50.0 %","42.0 %","32.7 %","25.3 %","21.6 %","48.2 %","30.3 %","5297"
"Adam Jones","Orioles",".292","1.24","20.2 %","44.2 %","35.7 %","9.0 %","16.4 %","14","9.3 %","2","50.0 %","40.5 %","30.1 %","29.5 %","20.5 %","48.0 %","31.5 %","6368"
"Adam Lind","Nationals",".311","1.15","16.3 %","44.7 %","39.0 %","9.1 %","16.4 %","0","0.0 %","0","0.0 %","38.3 %","36.2 %","25.5 %","14.9 %","43.3 %","41.8 %","8027"
"Trevor Story","Rockies",".324","0.70","19.2 %","33.2 %","47.7 %","13.0 %","16.3 %","10","15.6 %","1","100.0 %","40.7 %","32.5 %","26.8 %","16.0 %","47.9 %","36.1 %","12564"
"Yasmani Grandal","Dodgers",".327","1.19","17.2 %","44.9 %","37.9 %","16.3 %","16.3 %","6","5.9 %","0","0.0 %","40.6 %","34.5 %","24.9 %","19.7 %","46.3 %","34.1 %","11368"
"Ryon Healy","Athletics",".291","1.02","16.5 %","42.1 %","41.4 %","8.1 %","16.3 %","9","7.2 %","1","100.0 %","42.3 %","34.2 %","23.5 %","15.8 %","47.3 %","36.9 %","15447"
"Kris Bryant","Cubs",".310","0.90","18.1 %","38.9 %","43.1 %","7.3 %","16.1 %","14","12.5 %","0","0.0 %","40.6 %","36.5 %","22.9 %","16.0 %","51.7 %","32.3 %","15429"
"Jayson Werth","Nationals",".308","0.98","20.8 %","39.2 %","40.0 %","12.0 %","16.0 %","4","8.2 %","0","0.0 %","44.0 %","30.4 %","25.6 %","19.2 %","52.0 %","28.8 %","1327"
"Trevor Plouffe","- - -",".267","1.70","20.1 %","50.3 %","29.6 %","18.0 %","16.0 %","3","3.5 %","0","0.0 %","49.1 %","37.9 %","13.0 %","16.0 %","50.3 %","33.7 %","7462"
"David Freese","Pirates",".327","2.40","20.2 %","56.3 %","23.5 %","4.0 %","16.0 %","11","9.2 %","0","0.0 %","25.4 %","43.2 %","31.5 %","19.7 %","48.4 %","31.9 %","9549"
"Brian Goodwin","Nationals",".284","0.87","18.4 %","38.0 %","43.7 %","4.3 %","15.9 %","3","5.0 %","0","0.0 %","44.7 %","30.2 %","25.2 %","16.4 %","49.7 %","34.0 %","12858"
"Dexter Fowler","Cardinals",".265","1.01","21.0 %","39.7 %","39.3 %","5.7 %","15.9 %","5","5.6 %","0","0.0 %","40.0 %","36.9 %","23.1 %","15.1 %","49.3 %","35.6 %","4062"
"Todd Frazier","- - -",".217","0.75","19.4 %","34.7 %","46.0 %","19.3 %","15.8 %","6","7.0 %","0","0.0 %","48.8 %","29.4 %","21.8 %","24.6 %","44.4 %","31.1 %","785"
"Tommy Joseph","Phillies",".292","1.25","19.1 %","44.9 %","36.0 %","15.7 %","15.7 %","7","5.5 %","0","0.0 %","43.5 %","33.9 %","22.6 %","20.1 %","43.5 %","36.4 %","10349"
"Jose Abreu","White Sox",".324","1.30","18.6 %","46.1 %","35.4 %","7.4 %","15.6 %","9","5.7 %","0","0.0 %","37.9 %","33.8 %","28.3 %","14.7 %","45.4 %","39.9 %","15676"
"Matt Chapman","Athletics",".261","0.47","13.2 %","27.6 %","59.2 %","17.8 %","15.6 %","0","0.0 %","0","0.0 %","38.2 %","35.5 %","26.3 %","21.1 %","42.1 %","36.8 %","16505"
"Anthony Rendon","Nationals",".316","0.76","18.4 %","35.2 %","46.4 %","5.1 %","15.4 %","10","9.7 %","0","0.0 %","39.9 %","29.7 %","30.4 %","13.0 %","52.9 %","34.1 %","12861"
"Jose Lobaton","Nationals",".162","1.46","16.9 %","49.4 %","33.8 %","11.5 %","15.4 %","0","0.0 %","0","0.0 %","43.6 %","32.1 %","24.4 %","19.2 %","55.1 %","25.6 %","4243"
"Starlin Castro","Yankees",".350","1.62","20.0 %","49.4 %","30.6 %","11.5 %","15.4 %","12","9.5 %","0","0.0 %","41.2 %","32.6 %","26.3 %","19.2 %","48.2 %","32.6 %","4579"
"Devin Mesoraco","Reds",".255","1.05","20.0 %","41.0 %","39.0 %","12.8 %","15.4 %","0","0.0 %","0","0.0 %","47.0 %","36.0 %","17.0 %","22.0 %","49.0 %","29.0 %","5666"
"Rio Ruiz","Braves",".222","2.85","10.7 %","66.1 %","23.2 %","0.0 %","15.4 %","1","2.7 %","0","0.0 %","44.6 %","33.9 %","21.4 %","21.4 %","50.0 %","28.6 %","14103"
"Miguel Cabrera","Tigers",".298","1.32","27.3 %","41.3 %","31.4 %","2.4 %","15.3 %","2","1.8 %","0","0.0 %","33.2 %","37.6 %","29.2 %","10.0 %","44.7 %","45.4 %","1744"
"Luis Valbuena","Angels",".207","0.89","15.0 %","40.0 %","45.0 %","13.9 %","15.3 %","1","1.6 %","0","0.0 %","41.6 %","30.4 %","28.0 %","20.5 %","44.1 %","35.4 %","4969"
"Tyler Flowers","Braves",".374","1.29","25.0 %","42.2 %","32.8 %","1.7 %","15.3 %","6","7.9 %","0","0.0 %","43.3 %","29.4 %","27.2 %","16.1 %","44.4 %","39.4 %","9134"
"Peter Bourjos","Rays",".284","1.39","15.1 %","49.5 %","35.5 %","21.2 %","15.2 %","4","8.7 %","0","0.0 %","39.4 %","35.1 %","25.5 %","21.3 %","50.0 %","28.7 %","2578"
"Wilson Ramos","Rays",".200","1.75","19.1 %","51.5 %","29.4 %","10.0 %","15.0 %","3","8.6 %","0","0.0 %","44.1 %","38.2 %","17.7 %","19.1 %","50.0 %","30.9 %","1433"
"Jett Bandy","Brewers",".262","1.15","23.9 %","40.7 %","35.4 %","7.5 %","15.0 %","1","2.2 %","0","0.0 %","50.4 %","30.1 %","19.5 %","15.9 %","52.2 %","31.9 %","12508"
"Christian Arroyo","Giants",".231","2.85","18.1 %","60.6 %","21.3 %","10.0 %","15.0 %","2","3.5 %","0","0.0 %","38.3 %","36.2 %","25.5 %","20.2 %","52.1 %","27.7 %","16434"
"Nolan Arenado","Rockies",".333","0.70","20.7 %","32.7 %","46.6 %","7.8 %","15.0 %","9","7.7 %","0","0.0 %","38.7 %","34.5 %","26.7 %","16.4 %","47.9 %","35.7 %","9777"
"KikÃ© Hernandez","Dodgers",".248","0.97","18.5 %","40.1 %","41.4 %","7.5 %","14.9 %","4","6.2 %","0","0.0 %","43.9 %","29.9 %","26.2 %","17.7 %","44.5 %","37.8 %","10472"
"Gerardo Parra","Rockies",".392","1.65","25.5 %","46.4 %","28.1 %","0.0 %","14.8 %","7","7.9 %","2","40.0 %","32.5 %","35.5 %","32.0 %","14.2 %","50.8 %","35.0 %","8553"
"Brian Dozier","Twins",".279","1.00","18.1 %","41.0 %","41.0 %","11.6 %","14.7 %","9","7.0 %","0","0.0 %","48.7 %","33.2 %","18.0 %","15.2 %","50.0 %","34.8 %","9810"
"Chris Gimenez","Twins",".253","0.91","20.7 %","37.8 %","41.5 %","20.6 %","14.7 %","1","3.2 %","1","25.0 %","54.7 %","29.1 %","16.3 %","19.8 %","50.0 %","30.2 %","7324"
"Nick Ahmed","Diamondbacks",".295","1.49","20.3 %","47.7 %","32.0 %","9.8 %","14.6 %","7","11.5 %","0","0.0 %","42.2 %","35.9 %","21.9 %","21.1 %","46.9 %","32.0 %","12147"
"Salvador Perez","Royals",".293","0.64","20.5 %","31.0 %","48.5 %","13.2 %","14.6 %","3","3.3 %","0","0.0 %","54.6 %","28.3 %","17.2 %","18.2 %","42.8 %","39.1 %","7304"
"Chris Carter","Yankees",".284","0.60","20.0 %","30.0 %","50.0 %","14.5 %","14.5 %","2","6.1 %","0","0.0 %","47.3 %","31.8 %","20.9 %","18.2 %","47.3 %","34.6 %","9911"
"Cory Spangenberg","Padres",".359","1.71","22.8 %","48.7 %","28.5 %","7.3 %","14.5 %","6","6.4 %","4","44.4 %","39.6 %","34.7 %","25.7 %","13.9 %","56.9 %","29.2 %","12294"
"Didi Gregorius","Yankees",".313","0.96","19.8 %","39.2 %","41.0 %","11.0 %","14.4 %","11","9.7 %","0","0.0 %","41.5 %","36.7 %","21.8 %","23.2 %","53.6 %","23.2 %","6012"
"Mitch Moreland","Red Sox",".291","1.09","22.3 %","40.5 %","37.1 %","4.1 %","14.3 %","2","1.9 %","1","100.0 %","38.5 %","34.0 %","27.6 %","14.3 %","43.0 %","42.6 %","3086"
"Brian McCann","Astros",".236","1.08","15.2 %","43.9 %","40.8 %","14.3 %","14.3 %","4","4.1 %","2","100.0 %","46.2 %","33.8 %","20.0 %","18.7 %","50.2 %","31.1 %","4810"
"Ian Desmond","Rockies",".366","3.29","16.2 %","64.2 %","19.6 %","14.3 %","14.3 %","12","10.4 %","0","0.0 %","38.5 %","36.3 %","25.3 %","26.9 %","45.1 %","28.0 %","6885"
"Tyler Moore","Marlins",".278","0.74","14.1 %","36.5 %","49.4 %","4.8 %","14.3 %","3","9.7 %","0","0.0 %","44.7 %","30.6 %","24.7 %","14.1 %","51.8 %","34.1 %","7244"
"Jabari Blash","Padres",".318","0.86","17.0 %","38.3 %","44.7 %","4.8 %","14.3 %","3","16.7 %","0","0.0 %","48.9 %","31.9 %","19.2 %","17.0 %","34.0 %","48.9 %","11247"
"Austin Slater","Giants",".342","2.24","13.9 %","59.5 %","26.6 %","9.5 %","14.3 %","5","10.6 %","0","0.0 %","27.9 %","40.5 %","31.7 %","24.1 %","50.6 %","25.3 %","16153"
"Mark Trumbo","Orioles",".278","1.08","18.4 %","42.3 %","39.3 %","15.8 %","14.2 %","13","10.1 %","0","0.0 %","38.4 %","42.0 %","19.7 %","21.6 %","47.2 %","31.2 %","6876"
"Maikel Franco","Phillies",".232","1.42","19.5 %","47.2 %","33.3 %","12.4 %","14.2 %","4","2.5 %","0","0.0 %","44.5 %","33.0 %","22.4 %","19.2 %","51.9 %","28.9 %","12179"
"Jackie Bradley Jr.","Red Sox",".316","1.22","20.3 %","43.8 %","35.9 %","5.4 %","14.1 %","10","8.9 %","0","0.0 %","40.9 %","33.9 %","25.3 %","16.7 %","45.9 %","37.4 %","12984"
"Daniel Murphy","Nationals",".336","0.85","27.7 %","33.2 %","39.0 %","15.6 %","14.1 %","2","1.7 %","0","0.0 %","40.2 %","35.0 %","24.9 %","16.8 %","47.1 %","36.1 %","4316"
"Adrian Beltre","Rangers",".298","1.44","16.6 %","49.2 %","34.2 %","14.1 %","14.1 %","3","3.3 %","0","0.0 %","43.3 %","36.4 %","20.3 %","19.3 %","43.3 %","37.4 %","639"
"Derek Norris","Rays",".214","0.58","25.2 %","27.4 %","47.4 %","10.9 %","14.1 %","2","5.4 %","0","0.0 %","39.3 %","43.7 %","17.0 %","15.6 %","48.2 %","36.3 %","6867"
"Brandon Belt","Giants",".284","0.63","23.4 %","29.7 %","46.9 %","11.7 %","14.1 %","3","3.7 %","3","50.0 %","39.4 %","37.6 %","22.9 %","14.0 %","47.7 %","38.4 %","10264"
"Kevin Kiermaier","Rays",".325","1.76","17.9 %","52.4 %","29.8 %","18.0 %","14.0 %","9","10.2 %","1","16.7 %","42.0 %","36.2 %","21.8 %","23.6 %","46.6 %","29.9 %","11038"
"Caleb Joseph","Orioles",".359","1.35","26.3 %","42.3 %","31.4 %","7.0 %","14.0 %","3","5.2 %","0","0.0 %","34.1 %","42.0 %","23.9 %","21.7 %","47.8 %","30.4 %","7087"
"Martin Maldonado","Angels",".280","1.35","13.9 %","49.5 %","36.6 %","10.1 %","13.9 %","4","3.7 %","2","16.7 %","41.2 %","32.9 %","25.9 %","20.6 %","50.9 %","28.5 %","6887"
"Brandon Drury","Diamondbacks",".336","1.91","23.5 %","50.2 %","26.3 %","12.3 %","13.8 %","7","5.6 %","0","0.0 %","41.3 %","32.8 %","25.9 %","16.6 %","53.9 %","29.6 %","11615"
"Jose Altuve","Astros",".386","1.47","20.8 %","47.1 %","32.1 %","9.5 %","13.8 %","23","13.5 %","4","66.7 %","40.3 %","32.7 %","27.0 %","19.9 %","52.6 %","27.5 %","5417"
"Wilmer Difo","Nationals",".307","2.69","21.9 %","56.9 %","21.2 %","6.9 %","13.8 %","6","7.7 %","0","0.0 %","38.2 %","34.7 %","27.1 %","25.0 %","52.1 %","22.9 %","14320"
"Curtis Granderson","Mets",".251","0.68","20.1 %","32.3 %","47.6 %","14.7 %","13.8 %","5","6.8 %","0","0.0 %","45.2 %","37.0 %","17.8 %","19.1 %","46.5 %","34.4 %","4747"
"Carlos Santana","Indians",".261","1.13","21.9 %","41.4 %","36.7 %","11.1 %","13.7 %","7","5.3 %","2","66.7 %","53.7 %","32.9 %","13.4 %","18.6 %","46.3 %","35.1 %","2396"
"Danny Valencia","Mariners",".327","1.48","22.4 %","46.3 %","31.3 %","15.9 %","13.6 %","12","9.2 %","0","0.0 %","39.2 %","37.0 %","23.8 %","20.6 %","50.9 %","28.5 %","6364"
"Deven Marrero","Red Sox",".293","2.41","23.5 %","54.1 %","22.4 %","4.5 %","13.6 %","4","7.5 %","3","42.9 %","28.6 %","29.5 %","41.9 %","18.1 %","56.2 %","25.7 %","13325"
"Nick Castellanos","Tigers",".289","1.11","23.5 %","40.2 %","36.3 %","1.8 %","13.5 %","9","7.3 %","0","0.0 %","38.6 %","34.3 %","27.1 %","9.2 %","44.1 %","46.7 %","11737"
"Jose Osuna","Pirates",".285","2.05","20.4 %","53.5 %","26.1 %","10.8 %","13.5 %","4","5.3 %","0","0.0 %","36.6 %","33.8 %","29.6 %","22.5 %","47.9 %","29.6 %","12937"
"Manny Machado","Orioles",".265","1.00","16.0 %","42.0 %","42.0 %","12.7 %","13.4 %","13","9.2 %","1","50.0 %","41.5 %","32.9 %","25.6 %","19.4 %","40.6 %","40.0 %","11493"
"Nomar Mazara","Rangers",".282","1.19","19.2 %","43.9 %","36.9 %","11.3 %","13.2 %","5","4.0 %","0","0.0 %","35.9 %","36.2 %","27.9 %","22.0 %","47.4 %","30.7 %","14553"
"Zack Cozart","Reds",".350","1.01","20.1 %","40.2 %","39.7 %","14.3 %","13.2 %","3","3.3 %","0","0.0 %","47.6 %","33.2 %","19.2 %","19.2 %","48.5 %","32.3 %","2616"
"Hernan Perez","Brewers",".289","1.42","19.7 %","47.1 %","33.2 %","8.8 %","13.2 %","6","4.7 %","2","50.0 %","36.7 %","37.4 %","25.9 %","19.8 %","49.6 %","30.6 %","5751"
"Evan Longoria","Rays",".290","1.28","18.8 %","45.6 %","35.6 %","13.2 %","13.2 %","10","6.1 %","0","0.0 %","43.4 %","32.3 %","24.3 %","18.5 %","47.0 %","34.5 %","9368"
"Jedd Gyorko","Cardinals",".320","0.96","20.5 %","39.0 %","40.5 %","8.4 %","13.1 %","6","5.8 %","0","0.0 %","38.3 %","32.2 %","29.6 %","17.8 %","51.9 %","30.3 %","10816"
"Howie Kendrick","- - -",".426","3.35","23.7 %","58.8 %","17.6 %","4.3 %","13.0 %","7","9.1 %","1","100.0 %","30.3 %","38.6 %","31.1 %","18.9 %","47.7 %","33.3 %","4229"
"Stephen Vogt","- - -",".236","0.92","19.6 %","38.5 %","41.9 %","17.7 %","12.9 %","4","7.0 %","0","0.0 %","42.6 %","31.8 %","25.7 %","25.0 %","41.9 %","33.1 %","5000"
"Clint Frazier","Yankees",".300","0.94","18.9 %","39.2 %","41.9 %","3.2 %","12.9 %","1","3.4 %","0","0.0 %","46.0 %","33.8 %","20.3 %","18.9 %","39.2 %","41.9 %","15983"
"Albert Pujols","Angels",".241","1.11","17.3 %","43.5 %","39.3 %","9.1 %","12.9 %","4","2.7 %","0","0.0 %","51.2 %","31.3 %","17.6 %","16.1 %","49.4 %","34.5 %","1177"
"Matt Joyce","Athletics",".248","0.84","20.2 %","36.5 %","43.3 %","5.5 %","12.8 %","2","2.2 %","0","0.0 %","40.9 %","37.3 %","21.8 %","17.1 %","51.6 %","31.4 %","3353"
"David Peralta","Diamondbacks",".339","2.12","19.5 %","54.6 %","25.8 %","11.5 %","12.8 %","12","7.3 %","0","0.0 %","27.8 %","42.1 %","30.1 %","19.9 %","46.0 %","34.1 %","2136"
"Elvis Andrus","Rangers",".328","1.46","19.8 %","47.6 %","32.6 %","8.5 %","12.8 %","15","8.8 %","0","0.0 %","46.4 %","34.4 %","19.2 %","17.8 %","52.2 %","30.0 %","8709"
"J.T. Realmuto","Marlins",".339","1.48","18.5 %","48.6 %","32.9 %","5.3 %","12.8 %","15","10.8 %","0","0.0 %","46.5 %","35.3 %","18.2 %","13.6 %","54.2 %","32.2 %","11739"
"Travis d'Arnaud","Mets",".257","1.08","17.8 %","42.8 %","39.4 %","15.5 %","12.7 %","2","2.6 %","0","0.0 %","34.4 %","38.3 %","27.2 %","13.9 %","51.1 %","35.0 %","7739"
"Jose Ramirez","Indians",".328","0.99","22.3 %","38.7 %","39.0 %","8.5 %","12.7 %","7","5.0 %","0","0.0 %","42.9 %","35.0 %","22.1 %","16.4 %","50.6 %","33.1 %","13510"
"Ryan Hanigan","Rockies",".349","2.50","13.8 %","61.5 %","24.6 %","0.0 %","12.5 %","0","0.0 %","0","0.0 %","30.3 %","36.4 %","33.3 %","15.2 %","59.1 %","25.8 %","4952"
"Jefry Marte","Angels",".213","1.58","20.5 %","48.7 %","30.8 %","0.0 %","12.5 %","4","10.5 %","0","0.0 %","59.0 %","30.8 %","10.3 %","18.0 %","55.1 %","26.9 %","5107"
"Evan Gattis","Astros",".293","0.84","19.8 %","36.6 %","43.6 %","18.2 %","12.5 %","6","8.1 %","0","0.0 %","43.1 %","31.7 %","25.3 %","19.3 %","48.0 %","32.7 %","11003"
"Kole Calhoun","Angels",".275","1.27","21.7 %","43.8 %","34.5 %","8.6 %","12.4 %","4","3.0 %","0","0.0 %","44.7 %","33.6 %","21.7 %","16.1 %","52.6 %","31.3 %","11200"
"Wilmer Flores","Mets",".291","0.84","18.3 %","37.2 %","44.5 %","10.3 %","12.4 %","4","4.9 %","0","0.0 %","39.5 %","33.9 %","26.6 %","15.1 %","49.1 %","35.8 %","5827"
"Tim Anderson","White Sox",".306","1.68","19.9 %","50.2 %","29.9 %","3.7 %","12.3 %","14","10.3 %","1","16.7 %","38.6 %","37.6 %","23.8 %","22.0 %","48.7 %","29.2 %","15172"
"Mitch Haniger","Mariners",".318","1.18","19.5 %","43.5 %","37.0 %","7.0 %","12.3 %","6","9.0 %","1","50.0 %","44.2 %","33.3 %","22.4 %","16.0 %","51.9 %","32.1 %","14274"
"Melky Cabrera","- - -",".309","1.74","19.9 %","50.8 %","29.3 %","11.3 %","12.3 %","14","7.6 %","0","0.0 %","39.8 %","35.4 %","24.7 %","19.0 %","50.0 %","31.0 %","4022"
"Chris Owings","Diamondbacks",".318","1.19","21.8 %","42.5 %","35.6 %","15.3 %","12.2 %","10","8.5 %","3","50.0 %","39.2 %","32.7 %","28.1 %","16.0 %","52.3 %","31.7 %","10030"
"Abraham Almonte","Indians",".325","1.80","18.6 %","52.3 %","29.1 %","4.0 %","12.0 %","5","11.1 %","0","0.0 %","40.2 %","33.3 %","26.4 %","18.4 %","49.4 %","32.2 %","5486"
"Jaycob Brugman","Athletics",".340","1.84","27.6 %","46.9 %","25.5 %","0.0 %","12.0 %","2","4.3 %","2","100.0 %","36.0 %","41.0 %","23.0 %","19.0 %","60.0 %","21.0 %","14936"
"Eddie Rosario","Twins",".329","1.32","19.9 %","45.5 %","34.6 %","4.3 %","12.0 %","7","5.8 %","1","16.7 %","33.5 %","39.0 %","27.6 %","16.5 %","54.4 %","29.0 %","12155"
"Francisco Lindor","Indians",".283","0.95","19.7 %","39.1 %","41.3 %","4.6 %","11.9 %","14","9.8 %","4","40.0 %","38.0 %","35.4 %","26.6 %","14.6 %","50.8 %","34.6 %","12916"
"Miguel Montero","- - -",".260","1.19","12.4 %","47.6 %","40.0 %","9.5 %","11.9 %","0","0.0 %","0","0.0 %","37.1 %","38.1 %","24.8 %","17.1 %","56.2 %","26.7 %","3364"
"Daniel Robertson","Rays",".304","1.31","16.4 %","47.4 %","36.2 %","16.7 %","11.9 %","3","5.5 %","0","0.0 %","27.1 %","48.3 %","24.6 %","17.0 %","47.5 %","35.6 %","14145"
"Taylor Motter","Mariners",".238","1.07","22.3 %","40.1 %","37.6 %","8.5 %","11.9 %","4","6.3 %","0","0.0 %","56.3 %","29.1 %","14.6 %","17.1 %","50.6 %","32.3 %","12399"
"Carlos Beltran","Astros",".275","1.08","16.7 %","43.3 %","40.0 %","8.2 %","11.8 %","15","12.6 %","0","0.0 %","48.4 %","32.0 %","19.6 %","16.4 %","49.5 %","34.2 %","589"
"Jose Bautista","Blue Jays",".252","0.81","17.2 %","37.1 %","45.7 %","15.2 %","11.6 %","11","9.8 %","0","0.0 %","45.7 %","32.1 %","22.2 %","21.2 %","46.4 %","32.5 %","1887"
"Yulieski Gurriel","Astros",".294","1.22","18.6 %","44.7 %","36.6 %","13.1 %","11.5 %","10","6.7 %","0","0.0 %","42.2 %","36.5 %","21.3 %","15.0 %","50.0 %","35.0 %","19198"
"Yoenis Cespedes","Mets",".298","0.70","15.1 %","34.9 %","50.0 %","14.6 %","11.5 %","5","7.5 %","0","0.0 %","40.1 %","35.4 %","24.5 %","21.4 %","35.9 %","42.7 %","13110"
"Yadier Molina","Cardinals",".294","1.20","22.5 %","42.3 %","35.2 %","14.3 %","11.4 %","3","2.4 %","0","0.0 %","41.8 %","30.4 %","27.8 %","17.1 %","46.8 %","36.1 %","7007"
"Danny Santana","- - -",".252","1.49","16.3 %","50.0 %","33.7 %","2.9 %","11.4 %","2","3.8 %","3","42.9 %","41.4 %","34.2 %","24.3 %","10.8 %","53.2 %","36.0 %","10322"
"Manuel Margot","Padres",".323","1.29","22.8 %","43.5 %","33.8 %","7.5 %","11.3 %","11","10.7 %","2","40.0 %","28.1 %","39.7 %","32.2 %","25.6 %","48.8 %","25.6 %","14712"
"Addison Russell","Cubs",".294","1.07","22.7 %","39.9 %","37.4 %","6.7 %","11.2 %","9","9.5 %","0","0.0 %","42.4 %","34.0 %","23.5 %","14.3 %","54.6 %","31.1 %","14106"
"Cameron Maybin","Angels",".288","2.26","17.4 %","57.3 %","25.4 %","5.6 %","11.1 %","9","7.4 %","0","0.0 %","38.8 %","33.6 %","27.6 %","20.1 %","48.1 %","31.8 %","5223"
"Sandy Leon","Red Sox",".286","0.96","25.9 %","36.4 %","37.8 %","16.7 %","11.1 %","2","3.8 %","3","75.0 %","38.1 %","34.7 %","27.2 %","23.1 %","44.2 %","32.7 %","5273"
"Daniel Nava","Phillies",".365","1.64","26.9 %","45.4 %","27.7 %","2.8 %","11.1 %","0","0.0 %","0","0.0 %","46.9 %","30.0 %","23.1 %","11.5 %","53.1 %","35.4 %","5450"
"Odubel Herrera","Phillies",".342","1.37","21.9 %","45.2 %","32.9 %","9.1 %","11.1 %","11","8.1 %","4","80.0 %","32.4 %","36.3 %","31.4 %","23.9 %","44.4 %","31.7 %","11476"
"C.J. Cron","Angels",".267","0.70","24.6 %","31.1 %","44.3 %","14.8 %","11.1 %","0","0.0 %","0","0.0 %","40.2 %","33.6 %","26.2 %","22.1 %","45.9 %","32.0 %","12546"
"Tyler Collins","Tigers",".275","0.81","21.7 %","34.9 %","43.4 %","5.6 %","11.1 %","2","6.9 %","1","100.0 %","34.5 %","36.9 %","28.6 %","14.3 %","45.2 %","40.5 %","12723"
"Andrew Knapp","Phillies",".352","2.30","17.6 %","57.4 %","25.0 %","3.7 %","11.1 %","5","8.1 %","0","0.0 %","39.8 %","35.2 %","25.0 %","14.8 %","46.3 %","38.9 %","14942"
"Lorenzo Cain","Royals",".311","1.30","21.2 %","44.5 %","34.3 %","10.0 %","10.9 %","11","7.7 %","0","0.0 %","33.6 %","39.3 %","27.1 %","18.7 %","48.3 %","33.0 %","9077"
"Mikie Mahtook","Tigers",".342","1.24","21.7 %","43.3 %","35.0 %","9.1 %","10.9 %","11","16.2 %","0","0.0 %","43.0 %","38.0 %","19.0 %","17.7 %","42.4 %","39.9 %","13130"
"Alex Bregman","Astros",".296","0.93","22.0 %","37.7 %","40.3 %","16.5 %","10.7 %","6","5.3 %","0","0.0 %","40.9 %","36.9 %","22.3 %","18.9 %","50.2 %","30.9 %","17678"
"Buster Posey","Giants",".345","1.22","25.4 %","41.0 %","33.6 %","1.9 %","10.7 %","2","1.6 %","0","0.0 %","37.1 %","37.5 %","25.4 %","14.0 %","53.8 %","32.3 %","9166"
"Jordy Mercer","Pirates",".290","1.51","21.6 %","47.2 %","31.2 %","9.6 %","10.6 %","9","6.3 %","0","0.0 %","39.9 %","39.6 %","20.5 %","19.5 %","49.5 %","31.0 %","6547"
"Orlando Arcia","Brewers",".323","1.63","17.4 %","51.2 %","31.4 %","13.8 %","10.6 %","13","8.5 %","2","66.7 %","34.1 %","40.4 %","25.5 %","22.9 %","49.0 %","28.2 %","13185"
"Rickie Weeks Jr.","Rays",".413","1.00","19.1 %","40.4 %","40.4 %","10.5 %","10.5 %","0","0.0 %","0","0.0 %","38.3 %","38.3 %","23.4 %","19.2 %","44.7 %","36.2 %","1849"
"Ben Zobrist","Cubs",".241","1.63","14.9 %","52.8 %","32.3 %","10.5 %","10.5 %","4","3.2 %","0","0.0 %","51.5 %","31.2 %","17.3 %","13.9 %","52.3 %","33.8 %","7435"
"Marcus Semien","Athletics",".296","0.95","27.5 %","35.3 %","37.3 %","15.8 %","10.5 %","0","0.0 %","0","0.0 %","34.3 %","41.2 %","24.5 %","20.6 %","49.0 %","30.4 %","12533"
"Mookie Betts","Red Sox",".268","0.96","16.0 %","41.1 %","42.9 %","15.8 %","10.5 %","14","8.5 %","0","0.0 %","44.6 %","34.8 %","20.6 %","19.3 %","45.4 %","35.3 %","13611"
"Hunter Pence","Giants",".287","1.76","12.2 %","55.9 %","31.9 %","8.1 %","10.5 %","13","8.6 %","0","0.0 %","32.2 %","39.6 %","28.2 %","17.4 %","50.7 %","31.9 %","8252"
"Troy Tulowitzki","Blue Jays",".272","1.58","14.4 %","52.5 %","33.2 %","16.4 %","10.4 %","8","7.5 %","0","0.0 %","41.6 %","35.2 %","23.3 %","24.8 %","45.1 %","30.2 %","3531"
"Nick Hundley","Giants",".359","1.06","18.9 %","41.8 %","39.3 %","10.4 %","10.4 %","4","7.8 %","1","50.0 %","37.1 %","37.1 %","25.8 %","18.6 %","46.8 %","34.7 %","3376"
"Yangervis Solarte","Padres",".264","0.97","13.6 %","42.6 %","43.8 %","14.2 %","10.4 %","6","5.8 %","0","0.0 %","37.2 %","40.9 %","21.9 %","26.9 %","44.2 %","28.9 %","5352"
"Mark Canha","Athletics",".281","0.62","21.7 %","30.0 %","48.3 %","24.1 %","10.3 %","2","11.1 %","0","0.0 %","43.3 %","28.3 %","28.3 %","23.3 %","46.7 %","30.0 %","11445"
"Eduardo Escobar","Twins",".290","0.76","21.2 %","34.1 %","44.7 %","6.2 %","10.3 %","2","2.7 %","0","0.0 %","42.7 %","30.3 %","27.1 %","13.8 %","54.1 %","32.1 %","6153"
"Andrelton Simmons","Angels",".315","1.75","19.5 %","51.2 %","29.3 %","10.3 %","10.3 %","16","8.6 %","1","100.0 %","45.4 %","33.3 %","21.3 %","19.1 %","50.0 %","30.9 %","10847"
"Adonis Garcia","Braves",".260","1.85","17.2 %","53.7 %","29.1 %","5.1 %","10.3 %","7","9.7 %","1","100.0 %","35.6 %","37.8 %","26.7 %","17.0 %","52.6 %","30.4 %","13777"
"Andrew Benintendi","Red Sox",".295","1.00","17.8 %","41.1 %","41.1 %","8.7 %","10.2 %","8","6.3 %","0","0.0 %","34.0 %","37.8 %","28.2 %","17.0 %","47.8 %","35.3 %","17901"
"Matt Carpenter","Cardinals",".277","0.55","23.1 %","27.4 %","49.5 %","5.1 %","10.2 %","1","1.3 %","3","60.0 %","46.8 %","31.6 %","21.6 %","12.1 %","45.4 %","42.6 %","8090"
"Jason Castro","Twins",".305","1.25","25.7 %","41.3 %","33.0 %","5.1 %","10.2 %","0","0.0 %","0","0.0 %","32.2 %","38.9 %","28.9 %","11.7 %","51.1 %","37.2 %","8722"
"Robbie Grossman","Twins",".293","1.42","26.4 %","43.2 %","30.4 %","10.1 %","10.1 %","8","8.2 %","1","33.3 %","37.0 %","36.1 %","27.0 %","17.4 %","50.0 %","32.6 %","5254"
"Michael Brantley","Indians",".330","1.75","22.5 %","49.3 %","28.2 %","6.3 %","10.0 %","7","5.0 %","0","0.0 %","39.4 %","35.2 %","25.4 %","13.7 %","51.8 %","34.5 %","4106"
"Francisco Cervelli","Pirates",".316","2.00","21.5 %","52.4 %","26.2 %","4.0 %","10.0 %","4","4.0 %","1","100.0 %","43.2 %","31.8 %","25.0 %","13.5 %","54.2 %","32.3 %","5275"
"Craig Gentry","Orioles",".264","3.10","18.0 %","62.0 %","20.0 %","10.0 %","10.0 %","3","9.7 %","1","16.7 %","33.9 %","44.6 %","21.4 %","23.2 %","55.4 %","21.4 %","9571"
"Michael Saunders","Phillies",".245","1.05","17.4 %","42.3 %","40.3 %","15.0 %","10.0 %","2","3.2 %","0","0.0 %","43.0 %","38.3 %","18.8 %","24.2 %","48.3 %","27.5 %","9981"
"Kevin Pillar","Blue Jays",".267","1.25","21.5 %","43.6 %","34.9 %","13.3 %","10.0 %","8","5.3 %","0","0.0 %","39.8 %","35.5 %","24.8 %","21.6 %","49.6 %","28.8 %","12434"
"Gregory Polanco","Pirates",".277","1.07","20.1 %","41.3 %","38.6 %","11.0 %","10.0 %","5","4.7 %","0","0.0 %","44.4 %","31.7 %","23.9 %","23.9 %","51.4 %","24.7 %","12907"
"Justin Turner","Dodgers",".357","0.65","24.2 %","29.9 %","45.8 %","4.1 %","9.9 %","4","5.1 %","0","0.0 %","36.6 %","38.5 %","24.9 %","10.2 %","52.1 %","37.7 %","5235"
"Neil Walker","Mets",".276","0.77","21.1 %","34.3 %","44.6 %","7.7 %","9.9 %","3","4.3 %","1","50.0 %","40.3 %","36.4 %","23.3 %","18.5 %","49.5 %","32.0 %","7539"
"Jason Heyward","Cubs",".270","1.42","18.7 %","47.7 %","33.6 %","17.3 %","9.9 %","7","6.1 %","0","0.0 %","49.0 %","31.5 %","19.5 %","23.7 %","49.4 %","27.0 %","4940"
"Danny Espinosa","- - -",".230","0.95","13.1 %","42.3 %","44.5 %","13.1 %","9.8 %","3","5.2 %","3","33.3 %","51.4 %","34.3 %","14.4 %","23.3 %","45.2 %","31.5 %","9219"
"Cesar Hernandez","Phillies",".351","2.13","20.1 %","54.4 %","25.5 %","3.3 %","9.8 %","15","11.5 %","8","66.7 %","35.1 %","38.7 %","26.3 %","21.5 %","57.0 %","21.5 %","10556"
"Jose Pirela","Padres",".347","1.35","18.9 %","46.6 %","34.5 %","9.8 %","9.8 %","4","5.8 %","0","0.0 %","35.6 %","37.6 %","26.9 %","16.1 %","51.7 %","32.2 %","5485"
"Asdrubal Cabrera","Mets",".286","1.27","19.9 %","44.8 %","35.2 %","4.3 %","9.8 %","8","6.8 %","1","33.3 %","45.5 %","35.2 %","19.3 %","15.2 %","48.9 %","36.0 %","4962"
"Chase Utley","Dodgers",".263","1.17","16.1 %","45.2 %","38.7 %","5.6 %","9.7 %","4","4.8 %","0","0.0 %","46.0 %","27.8 %","26.2 %","15.0 %","48.7 %","36.4 %","1679"
"Adam Engel","White Sox",".287","1.26","19.5 %","44.8 %","35.6 %","16.1 %","9.7 %","9","23.1 %","1","14.3 %","45.7 %","30.9 %","23.4 %","19.2 %","51.1 %","29.8 %","15082"
"A.J. Ellis","Marlins",".277","1.48","18.8 %","48.4 %","32.8 %","14.3 %","9.5 %","2","6.5 %","0","0.0 %","26.5 %","41.2 %","32.4 %","22.1 %","45.6 %","32.4 %","5677"
"Josh Harrison","Pirates",".312","0.95","23.1 %","37.5 %","39.4 %","5.6 %","9.5 %","11","9.2 %","4","50.0 %","43.9 %","32.9 %","23.2 %","18.0 %","50.3 %","31.7 %","8202"
"John Jaso","Pirates",".250","0.66","20.6 %","31.6 %","47.7 %","5.4 %","9.5 %","1","2.0 %","0","0.0 %","45.8 %","33.6 %","20.7 %","20.0 %","44.5 %","35.5 %","5887"
"Trea Turner","Nationals",".322","1.70","16.3 %","52.7 %","31.0 %","2.7 %","9.5 %","20","15.9 %","0","0.0 %","37.1 %","39.6 %","23.3 %","19.2 %","56.3 %","24.6 %","16252"
"Carlos Gonzalez","Rockies",".275","1.69","19.2 %","50.8 %","30.0 %","10.7 %","9.3 %","6","4.7 %","1","100.0 %","42.2 %","37.5 %","20.3 %","22.3 %","49.0 %","28.7 %","7287"
"Devon Travis","Blue Jays",".299","1.02","26.4 %","37.2 %","36.5 %","7.4 %","9.3 %","3","5.5 %","0","0.0 %","34.2 %","32.9 %","32.9 %","18.8 %","49.0 %","32.2 %","13862"
"Erick Aybar","Padres",".252","1.62","19.8 %","49.5 %","30.7 %","12.3 %","9.2 %","8","7.6 %","3","42.9 %","47.5 %","25.1 %","27.4 %","21.9 %","53.9 %","24.2 %","4082"
"Daniel Descalso","Diamondbacks",".295","1.06","17.3 %","42.6 %","40.1 %","4.6 %","9.2 %","2","2.9 %","0","0.0 %","46.3 %","32.1 %","21.6 %","17.3 %","45.7 %","37.0 %","8392"
"Manny Pina","Brewers",".342","0.92","23.6 %","36.6 %","39.8 %","9.2 %","9.2 %","3","4.3 %","0","0.0 %","44.8 %","30.7 %","24.5 %","14.6 %","52.1 %","33.3 %","2829"
"Kyle Seager","Mariners",".279","0.65","17.9 %","32.4 %","49.7 %","5.5 %","9.1 %","6","5.6 %","2","50.0 %","41.3 %","32.9 %","25.8 %","12.0 %","51.8 %","36.2 %","9785"
"Andrew Romine","Tigers",".270","1.80","25.9 %","47.6 %","26.5 %","11.4 %","9.1 %","6","7.6 %","0","0.0 %","32.5 %","34.9 %","32.5 %","20.1 %","50.3 %","29.6 %","1159"
"Josh Reddick","Astros",".333","0.82","23.6 %","34.4 %","42.0 %","9.1 %","9.1 %","5","5.1 %","2","100.0 %","36.6 %","35.5 %","27.9 %","18.3 %","50.7 %","31.0 %","3892"
"Brandon Crawford","Giants",".260","1.34","17.7 %","47.2 %","35.1 %","6.1 %","9.1 %","5","3.8 %","0","0.0 %","39.0 %","33.0 %","28.0 %","19.5 %","48.2 %","32.3 %","5343"
"Greg Garcia","Cardinals",".306","2.41","32.4 %","47.7 %","19.8 %","9.1 %","9.1 %","2","3.8 %","1","14.3 %","28.8 %","39.8 %","31.4 %","17.8 %","65.3 %","17.0 %","10951"
"Allen Cordoba","Padres",".265","1.59","14.9 %","52.2 %","32.8 %","9.1 %","9.1 %","4","5.7 %","3","60.0 %","36.7 %","38.1 %","25.2 %","25.2 %","51.1 %","23.7 %","15722"
"Max Kepler","Twins",".287","1.04","18.4 %","41.5 %","40.1 %","12.4 %","8.8 %","8","6.8 %","2","66.7 %","42.8 %","31.9 %","25.3 %","19.3 %","47.4 %","33.3 %","12144"
"Stephen Piscotty","Cardinals",".273","1.29","17.0 %","46.8 %","36.2 %","7.4 %","8.8 %","7","8.0 %","1","100.0 %","43.9 %","28.6 %","27.5 %","20.1 %","50.3 %","29.6 %","13367"
"Ichiro Suzuki","Marlins",".282","2.74","17.3 %","60.6 %","22.1 %","8.7 %","8.7 %","5","7.9 %","0","0.0 %","35.9 %","33.0 %","31.1 %","24.5 %","55.7 %","19.8 %","1101"
"Jesus Sucre","Rays",".271","0.89","21.6 %","36.9 %","41.4 %","17.4 %","8.7 %","1","2.4 %","0","0.0 %","27.4 %","38.1 %","34.5 %","20.4 %","46.0 %","33.6 %","5942"
"Shane Peterson","Rays",".316","1.17","15.3 %","45.8 %","39.0 %","4.3 %","8.7 %","2","7.4 %","0","0.0 %","42.4 %","33.9 %","23.7 %","25.4 %","37.3 %","37.3 %","7423"
"Jason Kipnis","Indians",".252","0.86","18.6 %","37.6 %","43.8 %","14.1 %","8.7 %","7","8.9 %","0","0.0 %","39.6 %","33.0 %","27.4 %","19.8 %","50.9 %","29.3 %","9776"
"Adam Eaton","Nationals",".347","1.70","15.1 %","53.4 %","31.5 %","8.7 %","8.7 %","6","15.4 %","0","0.0 %","29.7 %","36.5 %","33.8 %","14.9 %","54.1 %","31.1 %","11205"
"Brock Stassi","Phillies",".204","0.96","19.6 %","39.3 %","41.1 %","4.3 %","8.7 %","2","9.1 %","0","0.0 %","32.1 %","42.9 %","25.0 %","21.4 %","48.2 %","30.4 %","12244"
"Albert Almora Jr.","Cubs",".317","1.87","18.5 %","53.1 %","28.4 %","10.9 %","8.7 %","10","11.6 %","1","20.0 %","43.1 %","29.3 %","27.5 %","22.8 %","47.9 %","29.3 %","14109"
"Brandon Phillips","Braves",".313","1.72","22.7 %","48.9 %","28.4 %","9.6 %","8.5 %","5","3.1 %","0","0.0 %","29.2 %","36.5 %","34.3 %","19.0 %","54.8 %","26.2 %","791"
"Yunel Escobar","Angels",".307","2.42","17.9 %","58.1 %","24.0 %","2.8 %","8.5 %","12","7.0 %","0","0.0 %","37.2 %","40.5 %","22.3 %","14.9 %","54.7 %","30.4 %","4191"
"Yan Gomes","Indians",".274","1.03","16.8 %","42.2 %","41.0 %","9.9 %","8.5 %","3","4.1 %","0","0.0 %","43.1 %","32.2 %","24.7 %","20.1 %","49.4 %","30.5 %","9627"
"Victor Martinez","Tigers",".281","1.32","22.8 %","43.9 %","33.3 %","6.3 %","8.4 %","2","1.6 %","1","100.0 %","41.6 %","31.1 %","27.3 %","13.6 %","47.6 %","38.8 %","393"
"Daniel Robertson","Indians",".224","4.50","13.2 %","71.1 %","15.8 %","16.7 %","8.3 %","4","7.4 %","1","50.0 %","41.0 %","34.6 %","24.4 %","20.5 %","59.0 %","20.5 %","6266"
"Willy Garcia","White Sox",".344","1.25","18.2 %","45.5 %","36.4 %","16.7 %","8.3 %","2","6.7 %","0","0.0 %","31.3 %","38.8 %","29.9 %","20.9 %","52.2 %","26.9 %","12956"
"Dansby Swanson","Braves",".266","1.65","21.1 %","49.2 %","29.8 %","6.9 %","8.3 %","10","8.4 %","0","0.0 %","40.7 %","30.0 %","29.2 %","18.9 %","51.4 %","29.6 %","18314"
"Jean Segura","Mariners",".374","2.00","20.4 %","53.1 %","26.5 %","4.1 %","8.2 %","11","7.5 %","0","0.0 %","30.4 %","43.1 %","26.5 %","21.0 %","50.4 %","28.6 %","5933"
"Whit Merrifield","Royals",".309","0.82","20.3 %","35.9 %","43.8 %","8.2 %","8.2 %","17","15.5 %","4","57.1 %","33.9 %","35.1 %","31.0 %","15.0 %","52.4 %","32.6 %","11281"
"Eduardo Nunez","- - -",".337","1.93","17.4 %","54.4 %","28.2 %","12.8 %","8.1 %","15","9.0 %","2","66.7 %","41.6 %","38.3 %","20.1 %","25.0 %","48.4 %","26.6 %","6848"
"Byron Buxton","Twins",".310","1.08","23.2 %","39.9 %","36.9 %","21.0 %","8.1 %","10","14.9 %","6","42.9 %","52.8 %","30.8 %","16.5 %","21.4 %","52.8 %","25.8 %","14161"
"Aledmys Diaz","Cardinals",".283","1.18","17.0 %","45.0 %","38.0 %","13.8 %","8.0 %","12","11.7 %","3","60.0 %","50.0 %","33.8 %","16.2 %","23.9 %","52.6 %","23.5 %","15937"
"Nick Franklin","- - -",".207","1.56","22.9 %","47.0 %","30.1 %","12.0 %","8.0 %","2","5.1 %","0","0.0 %","46.4 %","31.0 %","22.6 %","20.2 %","45.2 %","34.5 %","10166"
"Jorge Soler","Royals",".218","0.88","17.5 %","38.6 %","43.9 %","16.0 %","8.0 %","0","0.0 %","0","0.0 %","56.1 %","24.6 %","19.3 %","22.8 %","45.6 %","31.6 %","14221"
"Freddy Galvis","Phillies",".284","0.88","21.9 %","36.6 %","41.4 %","10.1 %","8.0 %","11","9.0 %","5","62.5 %","38.4 %","33.4 %","28.2 %","19.1 %","54.3 %","26.7 %","6609"
"Matt Wieters","Nationals",".289","1.10","22.6 %","40.6 %","36.8 %","11.4 %","8.0 %","7","7.2 %","0","0.0 %","39.8 %","33.5 %","26.8 %","17.6 %","52.3 %","30.1 %","4298"
"Chris Young","Red Sox",".279","0.81","21.4 %","35.2 %","43.4 %","19.0 %","7.9 %","4","7.8 %","0","0.0 %","51.7 %","34.5 %","13.8 %","24.8 %","40.7 %","34.5 %","3882"
"A.J. Pollock","Diamondbacks",".335","1.54","22.7 %","46.9 %","30.4 %","11.1 %","7.9 %","7","7.2 %","0","0.0 %","44.2 %","39.9 %","15.9 %","19.7 %","44.7 %","35.6 %","9256"
"Guillermo Heredia","Mariners",".303","1.42","14.0 %","50.5 %","35.5 %","10.5 %","7.9 %","12","11.1 %","4","40.0 %","36.2 %","39.3 %","24.6 %","25.0 %","55.8 %","19.2 %","18721"
"Jacoby Ellsbury","Yankees",".281","1.67","20.9 %","49.4 %","29.7 %","11.8 %","7.8 %","8","9.4 %","3","60.0 %","37.3 %","33.9 %","28.8 %","25.4 %","52.0 %","22.6 %","4727"
"Brad Miller","Rays",".260","1.47","15.4 %","50.3 %","34.2 %","3.9 %","7.8 %","7","9.3 %","1","100.0 %","34.7 %","33.3 %","32.0 %","23.3 %","41.3 %","35.3 %","12775"
"Rey Fuentes","Diamondbacks",".293","1.38","17.3 %","48.0 %","34.7 %","3.8 %","7.7 %","5","13.9 %","0","0.0 %","30.8 %","44.9 %","24.4 %","24.4 %","51.3 %","24.4 %","10329"
"Chase Headley","Yankees",".361","1.40","24.7 %","43.9 %","31.4 %","8.8 %","7.5 %","8","7.1 %","2","100.0 %","38.9 %","33.1 %","28.0 %","16.7 %","52.1 %","31.1 %","4720"
"Juan Lagares","Mets",".315","1.19","20.3 %","43.2 %","36.5 %","14.8 %","7.4 %","4","12.5 %","1","50.0 %","42.1 %","31.6 %","26.3 %","15.8 %","47.4 %","36.8 %","5384"
"Conor Gillaspie","Giants",".159","1.33","11.3 %","50.7 %","38.0 %","14.8 %","7.4 %","2","5.6 %","0","0.0 %","45.1 %","38.0 %","16.9 %","18.3 %","62.0 %","19.7 %","9009"
"Luke Maile","Blue Jays",".135","1.56","8.0 %","56.0 %","36.0 %","18.5 %","7.4 %","3","7.1 %","0","0.0 %","46.1 %","32.9 %","21.1 %","23.7 %","57.9 %","18.4 %","13355"
"Brandon Guyer","Indians",".297","0.93","28.0 %","34.7 %","37.3 %","21.4 %","7.1 %","3","11.5 %","2","66.7 %","37.2 %","34.6 %","28.2 %","20.5 %","57.7 %","21.8 %","2636"
"Denard Span","Giants",".301","1.23","23.4 %","42.3 %","34.3 %","6.1 %","7.1 %","2","1.7 %","4","50.0 %","42.2 %","34.4 %","23.5 %","18.7 %","57.1 %","24.2 %","8347"
"Austin Jackson","Indians",".390","1.02","20.6 %","40.2 %","39.3 %","4.8 %","7.1 %","2","4.7 %","1","100.0 %","34.3 %","33.3 %","32.4 %","9.3 %","52.8 %","38.0 %","9848"
"Ben Gamel","Mariners",".399","1.32","23.2 %","43.7 %","33.1 %","6.0 %","7.1 %","4","3.6 %","0","0.0 %","32.2 %","36.1 %","31.8 %","17.3 %","53.3 %","29.4 %","12160"
"Raimel Tapia","Rockies",".368","1.39","23.9 %","44.3 %","31.8 %","7.1 %","7.1 %","5","12.8 %","1","50.0 %","43.3 %","34.4 %","22.2 %","24.4 %","50.0 %","25.6 %","14350"
"Jed Lowrie","Athletics",".308","0.66","26.5 %","29.3 %","44.1 %","8.4 %","7.0 %","2","2.1 %","1","100.0 %","36.9 %","34.2 %","28.9 %","12.0 %","52.0 %","36.0 %","4418"
"Matt Szczur","- - -",".260","0.84","21.8 %","35.6 %","42.6 %","25.6 %","7.0 %","5","13.9 %","1","25.0 %","46.7 %","31.4 %","21.9 %","24.8 %","55.2 %","20.0 %","11255"
"Joe Mauer","Twins",".317","1.89","23.8 %","49.8 %","26.4 %","4.2 %","6.9 %","5","3.7 %","2","66.7 %","24.6 %","37.0 %","38.4 %","13.4 %","53.3 %","33.3 %","1857"
"Starling Marte","Pirates",".301","1.59","15.7 %","51.7 %","32.6 %","17.2 %","6.9 %","5","10.9 %","3","50.0 %","36.8 %","39.0 %","24.2 %","34.7 %","41.1 %","24.2 %","9241"
"T.J. Rivera","Mets",".318","0.89","25.0 %","35.3 %","39.7 %","9.6 %","6.8 %","3","4.6 %","0","0.0 %","43.8 %","36.8 %","19.5 %","18.9 %","51.4 %","29.7 %","12495"
"Johan Camargo","Braves",".370","1.50","22.0 %","46.8 %","31.2 %","15.9 %","6.8 %","5","7.6 %","0","0.0 %","39.4 %","38.0 %","22.5 %","19.7 %","52.8 %","27.5 %","14950"
"Ian Kinsler","Tigers",".257","0.66","21.7 %","31.2 %","47.1 %","15.5 %","6.8 %","4","4.1 %","0","0.0 %","35.7 %","37.6 %","26.8 %","19.4 %","44.3 %","36.3 %","6195"
"Yolmer Sanchez","White Sox",".315","1.49","23.0 %","46.0 %","31.0 %","4.1 %","6.8 %","8","7.3 %","2","28.6 %","32.9 %","35.8 %","31.3 %","20.7 %","57.3 %","22.0 %","11602"
"Jose Reyes","Mets",".234","0.87","19.1 %","37.5 %","43.4 %","17.9 %","6.7 %","10","8.6 %","1","16.7 %","41.9 %","35.6 %","22.5 %","25.4 %","47.6 %","27.0 %","1736"
"Alexi Amarista","Rockies",".310","1.53","25.5 %","45.1 %","29.4 %","0.0 %","6.7 %","1","2.2 %","0","0.0 %","31.1 %","41.8 %","27.2 %","16.5 %","59.2 %","24.3 %","9063"
"Ryan Goins","Blue Jays",".253","1.24","15.6 %","46.7 %","37.7 %","12.0 %","6.7 %","1","1.1 %","3","37.5 %","28.5 %","33.3 %","38.2 %","21.3 %","53.1 %","25.6 %","9807"
"Derek Dietrich","Marlins",".282","0.91","20.0 %","38.1 %","41.9 %","8.9 %","6.7 %","7","8.5 %","0","0.0 %","38.1 %","38.1 %","23.7 %","21.4 %","47.4 %","31.2 %","10542"
"Kevan Smith","White Sox",".317","2.90","17.6 %","61.3 %","21.1 %","6.7 %","6.7 %","3","3.4 %","1","33.3 %","32.4 %","33.8 %","33.8 %","22.1 %","55.2 %","22.8 %","12284"
"Mallex Smith","Rays",".371","2.20","23.8 %","52.4 %","23.8 %","3.3 %","6.7 %","9","13.6 %","5","29.4 %","39.9 %","23.1 %","37.1 %","23.8 %","53.2 %","23.1 %","13608"
"Ender Inciarte","Braves",".331","1.43","23.1 %","45.3 %","31.6 %","9.8 %","6.6 %","13","7.4 %","5","33.3 %","30.7 %","36.9 %","32.4 %","21.2 %","54.6 %","24.2 %","4922"
"Dustin Pedroia","Red Sox",".328","1.55","21.9 %","47.5 %","30.6 %","13.0 %","6.5 %","12","8.4 %","0","0.0 %","36.3 %","37.0 %","26.7 %","19.1 %","53.1 %","27.7 %","8370"
"Nick Markakis","Braves",".339","1.73","21.8 %","49.5 %","28.6 %","9.7 %","6.5 %","8","5.0 %","0","0.0 %","33.9 %","38.5 %","27.7 %","16.0 %","51.1 %","32.9 %","5930"
"Adam Rosales","- - -",".329","0.77","25.2 %","32.7 %","42.2 %","11.3 %","6.5 %","7","14.6 %","1","14.3 %","40.9 %","34.4 %","24.7 %","17.5 %","54.6 %","27.9 %","9682"
"Eric Sogard","Brewers",".324","1.11","26.1 %","38.8 %","35.1 %","12.8 %","6.4 %","1","1.9 %","3","60.0 %","36.0 %","33.1 %","30.9 %","16.6 %","59.0 %","24.5 %","7927"
"Rajai Davis","Athletics",".287","1.18","18.9 %","43.9 %","37.3 %","7.6 %","6.3 %","12","12.9 %","1","33.3 %","39.5 %","31.6 %","28.8 %","20.5 %","55.4 %","24.2 %","3708"
"Xander Bogaerts","Red Sox",".335","1.62","21.0 %","48.9 %","30.2 %","15.8 %","6.3 %","21","13.6 %","0","0.0 %","41.9 %","33.3 %","24.8 %","21.3 %","47.9 %","30.8 %","12161"
"Logan Forsythe","Dodgers",".327","1.50","25.9 %","44.4 %","29.6 %","6.3 %","6.3 %","5","6.9 %","0","0.0 %","27.8 %","44.4 %","27.8 %","13.6 %","51.9 %","34.6 %","7185"
"DJ LeMahieu","Rockies",".358","3.11","26.3 %","55.7 %","17.9 %","6.3 %","6.3 %","6","3.0 %","1","25.0 %","20.5 %","42.1 %","37.4 %","16.6 %","52.9 %","30.5 %","9874"
"Delino DeShields","Rangers",".384","1.35","18.7 %","46.8 %","34.5 %","8.3 %","6.3 %","11","16.9 %","8","42.1 %","40.5 %","30.4 %","29.1 %","18.4 %","57.6 %","24.1 %","11379"
"Alex Gordon","Royals",".248","1.37","23.2 %","44.4 %","32.4 %","9.9 %","6.2 %","5","4.5 %","1","33.3 %","43.5 %","36.4 %","20.2 %","17.0 %","53.4 %","29.6 %","5209"
"Gregor Blanco","Diamondbacks",".315","1.00","21.6 %","39.2 %","39.2 %","8.2 %","6.1 %","3","6.1 %","2","33.3 %","32.8 %","35.9 %","31.3 %","19.1 %","48.9 %","32.1 %","3123"
"Josh Phegley","Athletics",".228","0.78","16.3 %","36.5 %","47.1 %","4.1 %","6.1 %","2","5.3 %","0","0.0 %","38.5 %","36.5 %","25.0 %","13.5 %","51.9 %","34.6 %","9308"
"Jarrod Dyson","Mariners",".282","1.40","19.3 %","47.1 %","33.6 %","12.2 %","6.1 %","12","10.4 %","6","31.6 %","42.2 %","31.2 %","26.6 %","29.7 %","53.6 %","16.7 %","4866"
"Alex Presley","Tigers",".380","2.41","27.5 %","51.3 %","21.3 %","5.9 %","5.9 %","3","7.3 %","0","0.0 %","32.9 %","41.5 %","25.6 %","14.6 %","50.0 %","35.4 %","5305"
"J.T. Riddle","Marlins",".300","1.88","18.3 %","53.3 %","28.3 %","7.8 %","5.9 %","6","6.3 %","1","20.0 %","43.2 %","29.2 %","27.6 %","22.2 %","44.9 %","33.0 %","17642"
"Alen Hanson","- - -",".274","1.69","16.1 %","52.7 %","31.3 %","5.7 %","5.7 %","4","6.8 %","1","33.3 %","46.1 %","32.2 %","21.7 %","25.2 %","53.0 %","21.7 %","12926"
"Jonathan Lucroy","- - -",".262","2.03","17.3 %","55.4 %","27.3 %","8.5 %","5.6 %","7","4.9 %","0","0.0 %","30.4 %","37.7 %","31.9 %","20.4 %","57.3 %","22.3 %","7870"
"Austin Romine","Yankees",".288","1.50","29.1 %","42.5 %","28.3 %","2.8 %","5.6 %","4","7.4 %","0","0.0 %","21.1 %","40.6 %","38.3 %","21.9 %","50.8 %","27.3 %","5491"
"Chris Coghlan","Blue Jays",".264","1.22","23.1 %","42.3 %","34.6 %","16.7 %","5.6 %","0","0.0 %","1","33.3 %","36.4 %","43.6 %","20.0 %","23.6 %","50.9 %","25.5 %","6878"
"Martin Prado","Marlins",".282","1.57","20.2 %","48.7 %","31.1 %","5.4 %","5.4 %","1","1.7 %","0","0.0 %","37.0 %","34.5 %","28.6 %","19.3 %","61.3 %","19.3 %","3312"
"Drew Butera","Royals",".284","0.62","21.1 %","30.3 %","48.7 %","16.2 %","5.4 %","1","4.3 %","0","0.0 %","36.4 %","36.4 %","27.3 %","19.5 %","49.4 %","31.2 %","3411"
"Ronald Torreyes","Yankees",".316","1.82","16.8 %","53.7 %","29.5 %","7.1 %","5.4 %","12","11.8 %","1","16.7 %","44.4 %","33.2 %","22.5 %","19.9 %","61.2 %","18.9 %","11400"
"Joey Rickard","Orioles",".305","0.91","27.7 %","34.5 %","37.8 %","17.9 %","5.4 %","8","15.7 %","4","50.0 %","50.6 %","29.5 %","19.9 %","22.4 %","50.6 %","26.9 %","13277"
"Jon Jay","Cubs",".389","2.00","30.5 %","46.3 %","23.2 %","10.5 %","5.3 %","2","2.6 %","3","50.0 %","24.7 %","39.4 %","35.9 %","12.4 %","62.4 %","25.3 %","5227"
"Arismendy Alcantara","Reds",".274","1.89","11.3 %","58.1 %","30.6 %","15.8 %","5.3 %","1","2.8 %","1","50.0 %","43.8 %","28.1 %","28.1 %","23.4 %","59.4 %","17.2 %","10711"
"Carlos Asuaje","Padres",".383","0.87","24.5 %","35.1 %","40.4 %","7.9 %","5.3 %","0","0.0 %","0","0.0 %","40.2 %","37.1 %","22.7 %","13.4 %","57.7 %","28.9 %","15197"
"Joe Panik","Giants",".284","1.29","20.3 %","44.8 %","34.8 %","8.7 %","5.2 %","10","6.8 %","2","50.0 %","37.4 %","35.9 %","26.7 %","22.5 %","52.1 %","25.5 %","11936"
"Tucker Barnhart","Reds",".303","1.56","24.1 %","46.2 %","29.6 %","5.1 %","5.1 %","4","4.3 %","0","0.0 %","35.9 %","40.3 %","23.8 %","14.6 %","52.9 %","32.5 %","10200"
"Jeff Mathis","Diamondbacks",".310","1.23","22.6 %","42.6 %","34.8 %","12.5 %","5.0 %","0","0.0 %","0","0.0 %","38.8 %","41.4 %","19.8 %","17.2 %","50.0 %","32.8 %","3448"
"Nori Aoki","- - -",".301","2.54","18.5 %","58.4 %","23.0 %","7.3 %","4.9 %","7","6.7 %","0","0.0 %","27.9 %","38.0 %","34.1 %","21.8 %","59.2 %","19.0 %","13075"
"Ty Kelly","- - -",".235","1.00","19.2 %","40.4 %","40.4 %","14.3 %","4.8 %","0","0.0 %","1","33.3 %","45.5 %","27.3 %","27.3 %","14.6 %","58.2 %","27.3 %","7740"
"Adam Frazier","Pirates",".317","1.86","25.0 %","48.8 %","26.2 %","3.1 %","4.6 %","7","5.8 %","0","0.0 %","32.4 %","32.8 %","34.8 %","18.0 %","54.4 %","27.6 %","15223"
"Dixon Machado","Tigers",".333","2.00","16.5 %","55.7 %","27.8 %","4.5 %","4.5 %","4","9.1 %","0","0.0 %","40.0 %","45.0 %","15.0 %","21.3 %","45.0 %","33.8 %","11472"
"Elias Diaz","Pirates",".313","1.55","13.8 %","52.3 %","33.8 %","4.5 %","4.5 %","2","5.9 %","0","0.0 %","29.2 %","40.0 %","30.8 %","23.1 %","41.5 %","35.4 %","11680"
"Andres Blanco","Phillies",".208","1.87","14.3 %","55.8 %","29.9 %","4.3 %","4.3 %","0","0.0 %","0","0.0 %","39.7 %","30.8 %","29.5 %","25.6 %","51.3 %","23.1 %","1907"
"Carlos Ruiz","Mariners",".317","1.17","21.9 %","42.2 %","35.9 %","4.3 %","4.3 %","3","11.1 %","0","0.0 %","44.6 %","27.7 %","27.7 %","12.3 %","53.9 %","33.9 %","2579"
"Jose Iglesias","Tigers",".294","2.09","22.9 %","52.1 %","25.0 %","18.6 %","4.3 %","11","7.5 %","0","0.0 %","36.5 %","30.2 %","33.3 %","22.8 %","48.8 %","28.4 %","10231"
"J.J. Hardy","Orioles",".249","1.13","17.5 %","43.7 %","38.8 %","9.9 %","4.2 %","3","3.8 %","1","50.0 %","35.7 %","41.6 %","22.7 %","23.2 %","51.9 %","24.9 %","3797"
"Cheslor Cuthbert","Royals",".258","1.21","20.9 %","43.3 %","35.8 %","12.5 %","4.2 %","3","10.3 %","0","0.0 %","26.9 %","38.8 %","34.3 %","19.4 %","50.8 %","29.9 %","10473"
"Jace Peterson","Braves",".253","2.28","9.9 %","62.6 %","27.5 %","8.0 %","4.0 %","2","3.5 %","1","100.0 %","43.5 %","38.0 %","18.5 %","19.6 %","51.1 %","29.4 %","12325"
"Ehire Adrianza","Twins",".312","1.27","22.4 %","43.4 %","34.2 %","19.2 %","3.8 %","1","3.0 %","1","33.3 %","38.0 %","38.0 %","24.1 %","31.7 %","45.6 %","22.8 %","8418"
"Darwin Barney","Blue Jays",".289","1.41","22.2 %","45.5 %","32.3 %","9.3 %","3.7 %","6","7.9 %","1","33.3 %","40.6 %","28.2 %","31.2 %","24.1 %","60.0 %","15.9 %","2430"
"Christian Vazquez","Red Sox",".333","1.56","22.9 %","46.9 %","30.2 %","3.7 %","3.7 %","2","2.4 %","0","0.0 %","29.1 %","38.6 %","32.4 %","22.9 %","50.3 %","26.8 %","9774"
"Jose Peraza","Reds",".289","1.36","20.5 %","45.9 %","33.6 %","13.6 %","3.6 %","10","6.7 %","3","42.9 %","30.8 %","40.4 %","28.7 %","28.7 %","50.9 %","20.4 %","13593"
"Roberto Perez","Indians",".250","1.61","17.0 %","51.1 %","31.8 %","0.0 %","3.6 %","1","2.2 %","1","50.0 %","42.2 %","42.2 %","15.6 %","21.1 %","53.3 %","25.6 %","2900"
"Aaron Hill","Giants",".145","0.61","19.6 %","30.4 %","50.0 %","25.0 %","3.6 %","2","11.8 %","0","0.0 %","48.2 %","37.5 %","14.3 %","26.8 %","46.4 %","26.8 %","6104"
"Bruce Maxwell","Athletics",".291","1.39","16.3 %","48.8 %","35.0 %","0.0 %","3.6 %","1","2.6 %","0","0.0 %","33.8 %","35.0 %","31.3 %","21.3 %","43.8 %","35.0 %","13866"
"Hyun Soo Kim","- - -",".280","1.69","26.4 %","46.2 %","27.4 %","6.9 %","3.4 %","1","2.0 %","1","50.0 %","37.0 %","34.3 %","28.7 %","22.2 %","52.8 %","25.0 %","18718"
"Billy Hamilton","Reds",".319","1.53","24.1 %","45.9 %","30.1 %","10.5 %","3.2 %","14","9.7 %","4","22.2 %","37.4 %","35.9 %","26.7 %","23.7 %","59.3 %","17.1 %","10199"
"Jorge Polanco","Twins",".242","0.98","18.5 %","40.3 %","41.1 %","10.8 %","2.9 %","9","9.0 %","2","50.0 %","45.2 %","33.7 %","21.0 %","22.2 %","52.0 %","25.8 %","13152"
"Stephen Drew","Nationals",".303","0.74","20.8 %","33.8 %","45.5 %","5.7 %","2.9 %","2","7.7 %","0","0.0 %","40.3 %","33.8 %","26.0 %","9.1 %","59.7 %","31.2 %","4251"
"Cliff Pennington","Angels",".348","0.89","22.6 %","36.6 %","40.9 %","13.2 %","2.6 %","3","8.8 %","0","0.0 %","28.0 %","38.7 %","33.3 %","18.3 %","54.8 %","26.9 %","3395"
"Adeiny Hechavarria","- - -",".307","1.87","21.6 %","51.1 %","27.3 %","10.5 %","2.6 %","5","7.0 %","1","25.0 %","39.9 %","27.3 %","32.9 %","18.2 %","52.5 %","29.4 %","10459"
"Omar Narvaez","White Sox",".312","1.68","26.1 %","46.4 %","27.5 %","5.3 %","2.6 %","3","4.7 %","1","33.3 %","38.3 %","32.6 %","29.1 %","20.6 %","62.4 %","17.0 %","13338"
"Ben Revere","Angels",".277","2.88","23.3 %","56.9 %","19.8 %","0.0 %","2.5 %","5","4.3 %","1","100.0 %","34.5 %","37.4 %","28.1 %","20.2 %","59.6 %","20.2 %","4712"
"Alcides Escobar","Royals",".273","1.17","21.1 %","42.5 %","36.4 %","11.6 %","2.5 %","8","5.7 %","2","22.2 %","37.0 %","34.0 %","29.0 %","19.4 %","54.0 %","26.7 %","6310"
"Adrian Gonzalez","Dodgers",".301","1.19","23.4 %","41.6 %","35.0 %","8.3 %","2.1 %","4","7.0 %","0","0.0 %","34.3 %","34.3 %","31.4 %","13.9 %","57.7 %","28.5 %","1908"
"Kolten Wong","Cardinals",".343","1.52","17.0 %","50.0 %","33.0 %","13.8 %","1.7 %","6","6.8 %","4","57.1 %","38.3 %","35.5 %","26.2 %","21.9 %","54.6 %","23.5 %","12532"
"Dee Gordon","Marlins",".341","3.38","22.7 %","59.7 %","17.6 %","3.2 %","1.6 %","12","5.6 %","8","40.0 %","32.9 %","35.3 %","31.8 %","23.1 %","59.7 %","17.2 %","8203"
"Chris Stewart","Pirates",".221","1.04","23.9 %","38.8 %","37.3 %","4.0 %","0.0 %","1","3.8 %","0","0.0 %","37.7 %","36.2 %","26.1 %","23.2 %","46.4 %","30.4 %","3878"
"Gorkys Hernandez","Giants",".326","1.44","23.4 %","45.1 %","31.4 %","10.9 %","0.0 %","5","6.3 %","4","57.1 %","37.9 %","36.8 %","25.3 %","21.4 %","51.7 %","26.9 %","4146"
"Ruben Tejada","Orioles",".265","1.03","21.4 %","39.8 %","38.8 %","5.3 %","0.0 %","3","7.7 %","0","0.0 %","32.3 %","33.3 %","34.3 %","17.2 %","50.5 %","32.3 %","5519"
"Miguel Rojas","Marlins",".337","1.70","27.7 %","45.5 %","26.7 %","22.2 %","0.0 %","3","6.5 %","0","0.0 %","23.5 %","39.2 %","37.3 %","32.4 %","49.0 %","18.6 %","7802"
"Eric Fryer","Cardinals",".208","2.21","15.1 %","58.5 %","26.4 %","7.1 %","0.0 %","1","3.2 %","0","0.0 %","41.5 %","32.1 %","26.4 %","20.8 %","62.3 %","17.0 %","8145"
"Tyler Saladino","White Sox",".281","1.12","18.0 %","43.2 %","38.7 %","14.0 %","0.0 %","2","4.2 %","0","0.0 %","44.8 %","27.6 %","27.6 %","24.1 %","51.7 %","24.1 %","10807"
"Josh Rutledge","Red Sox",".316","2.65","18.4 %","59.2 %","22.4 %","5.9 %","0.0 %","6","13.3 %","0","0.0 %","35.5 %","42.1 %","22.4 %","7.9 %","61.8 %","30.3 %","11167"
"Tony Wolters","Rockies",".327","2.31","21.2 %","55.0 %","23.8 %","2.8 %","0.0 %","5","6.0 %","1","25.0 %","35.5 %","38.1 %","26.5 %","17.4 %","62.6 %","20.0 %","11470"
"Kelby Tomlinson","Giants",".338","2.00","32.4 %","45.1 %","22.5 %","6.3 %","0.0 %","5","15.6 %","3","42.9 %","18.0 %","44.9 %","37.2 %","19.2 %","57.7 %","23.1 %","13005"
"Luis Torrens","Padres",".225","2.88","17.5 %","61.3 %","21.3 %","5.9 %","0.0 %","2","4.1 %","0","0.0 %","28.1 %","32.9 %","39.0 %","15.9 %","64.6 %","19.5 %","15905"
